[
  {
    "artistName": "Billy Joel",
    "segment": "Super Listeners"
  },
  {
    "artistName": "KIDS SEE GHOSTS",
    "segment": "Previously Active Listeners"
  },
  {
    "artistName": "Lime Cordiale",
    "segment": "Super Listeners"
  },
  {
    "artistName": "Billie Eilish",
    "segment": "Light listeners"
  },
  {
    "artistName": "Sun Room",
    "segment": "Previously Active Listeners"
  },
  {
    "artistName": "Hollow Coves",
    "segment": "Previously Active Listeners"
  },
  {
    "artistName": "Flowdan",
    "segment": "Previously Active Listeners"
  },
  {
    "artistName": "Mura Masa",
    "segment": "Previously Active Listeners"
  },
  {
    "artistName": "Lynyrd Skynyrd",
    "segment": "Previously Active Listeners"
  },
  {
    "artistName": "John Martin",
    "segment": "Previously Active Listeners"
  },
  {
    "artistName": "Snow Patrol",
    "segment": "Previously Active Listeners"
  },
  {
    "artistName": "Remi Wolf",
    "segment": "Previously Active Listeners"
  },
  {
    "artistName": "The Vamps",
    "segment": "Previously Active Listeners"
  },
  {
    "artistName": "Quinn XCII",
    "segment": "Previously Active Listeners"
  },
  {
    "artistName": "Noeline Hofmann",
    "segment": "Light listeners"
  },
  {
    "artistName": "Dj Smokey",
    "segment": "Previously Active Listeners"
  },
  {
    "artistName": "The Neighbourhood",
    "segment": "Previously Active Listeners"
  },
  {
    "artistName": "DJ Daddy Trance",
    "segment": "Previously Active Listeners"
  },
  {
    "artistName": "Diffrent",
    "segment": "Previously Active Listeners"
  },
  {
    "artistName": "Emmylou Harris",
    "segment": "Previously Active Listeners"
  },
  {
    "artistName": "Sammy Virji",
    "segment": "Previously Active Listeners"
  },
  {
    "artistName": "Ravyn Lenae",
    "segment": "Previously Active Listeners"
  },
  {
    "artistName": "Eric Church",
    "segment": "Previously Active Listeners"
  },
  {
    "artistName": "Queen",
    "segment": "Previously Active Listeners"
  },
  {
    "artistName": "Joshua Bassett",
    "segment": "Previously Active Listeners"
  },
  {
    "artistName": "2 Chainz",
    "segment": "Previously Active Listeners"
  },
  {
    "artistName": "Panic! At The Disco",
    "segment": "Previously Active Listeners"
  },
  {
    "artistName": "atlas",
    "segment": "Previously Active Listeners"
  },
  {
    "artistName": "Dakota",
    "segment": "Previously Active Listeners"
  },
  {
    "artistName": "Vanilla Gorilla",
    "segment": "Moderate listeners"
  },
  {
    "artistName": "Mad Professor",
    "segment": "Previously Active Listeners"
  },
  {
    "artistName": "Daryl Hall & John Oates",
    "segment": "Super Listeners"
  },
  {
    "artistName": "KISS",
    "segment": "Previously Active Listeners"
  },
  {
    "artistName": "Paul Collins",
    "segment": "Previously Active Listeners"
  },
  {
    "artistName": "Subatomic Sound System",
    "segment": "Previously Active Listeners"
  },
  {
    "artistName": "Bipolar Sunshine",
    "segment": "Previously Active Listeners"
  },
  {
    "artistName": "Yaadcore",
    "segment": "Previously Active Listeners"
  },
  {
    "artistName": "King Von",
    "segment": "Previously Active Listeners"
  },
  {
    "artistName": "Pharrell Williams",
    "segment": "Previously Active Listeners"
  },
  {
    "artistName": "Mike Posner",
    "segment": "Moderate listeners"
  },
  {
    "artistName": "Men At Work",
    "segment": "Previously Active Listeners"
  },
  {
    "artistName": "Michael Marshall",
    "segment": "Previously Active Listeners"
  },
  {
    "artistName": "Caramella Girls",
    "segment": "Previously Active Listeners"
  },
  {
    "artistName": "Disney",
    "segment": "Previously Active Listeners"
  },
  {
    "artistName": "Young M.A",
    "segment": "Light listeners"
  },
  {
    "artistName": "Masego",
    "segment": "Previously Active Listeners"
  },
  {
    "artistName": "Evan Honer",
    "segment": "Previously Active Listeners"
  },
  {
    "artistName": "Laufey",
    "segment": "Previously Active Listeners"
  },
  {
    "artistName": "NEIL FRANCES",
    "segment": "Light listeners"
  },
  {
    "artistName": "The Backseat Lovers",
    "segment": "Previously Active Listeners"
  },
  {
    "artistName": "Ocean Alley",
    "segment": "Super Listeners"
  },
  {
    "artistName": "ZHU",
    "segment": "Previously Active Listeners"
  },
  {
    "artistName": "daste.",
    "segment": "Previously Active Listeners"
  },
  {
    "artistName": "AC/DC",
    "segment": "Previously Active Listeners"
  },
  {
    "artistName": "Yamê",
    "segment": "Previously Active Listeners"
  },
  {
    "artistName": "Katy Perry",
    "segment": "Previously Active Listeners"
  },
  {
    "artistName": "Dwayne Johnson",
    "segment": "Previously Active Listeners"
  },
  {
    "artistName": "Taylor Swift",
    "segment": "Previously Active Listeners"
  },
  {
    "artistName": "Michael Jackson",
    "segment": "Previously Active Listeners"
  },
  {
    "artistName": "Sheryl Crow",
    "segment": "Previously Active Listeners"
  },
  {
    "artistName": "Margo Price",
    "segment": "Previously Active Listeners"
  },
  {
    "artistName": "Lewis Capaldi",
    "segment": "Previously Active Listeners"
  },
  {
    "artistName": "11:11 Music Group",
    "segment": "Previously Active Listeners"
  },
  {
    "artistName": "10cc",
    "segment": "Moderate listeners"
  },
  {
    "artistName": "Vampire Weekend",
    "segment": "Previously Active Listeners"
  },
  {
    "artistName": "Nelly",
    "segment": "Previously Active Listeners"
  },
  {
    "artistName": "Catching Flies",
    "segment": "Light listeners"
  },
  {
    "artistName": "Peter Cat Recording Co.",
    "segment": "Previously Active Listeners"
  },
  {
    "artistName": "fun.",
    "segment": "Previously Active Listeners"
  },
  {
    "artistName": "Ella Henderson",
    "segment": "Previously Active Listeners"
  },
  {
    "artistName": "Kylie Minogue",
    "segment": "Previously Active Listeners"
  },
  {
    "artistName": "MASN",
    "segment": "Previously Active Listeners"
  },
  {
    "artistName": "Hanumankind",
    "segment": "Previously Active Listeners"
  },
  {
    "artistName": "GROUPLOVE",
    "segment": "Previously Active Listeners"
  },
  {
    "artistName": "Basiani Ensemble",
    "segment": "Previously Active Listeners"
  },
  {
    "artistName": "Ariana Grande",
    "segment": "Previously Active Listeners"
  },
  {
    "artistName": "Matt Sassari",
    "segment": "Previously Active Listeners"
  },
  {
    "artistName": "LeStrange",
    "segment": "Previously Active Listeners"
  },
  {
    "artistName": "KUJOBEATS",
    "segment": "Previously Active Listeners"
  },
  {
    "artistName": "Pinegrove",
    "segment": "Previously Active Listeners"
  },
  {
    "artistName": "TINI",
    "segment": "Previously Active Listeners"
  },
  {
    "artistName": "Moby",
    "segment": "Previously Active Listeners"
  },
  {
    "artistName": "Rancid Eddie",
    "segment": "Moderate listeners"
  },
  {
    "artistName": "Miguel",
    "segment": "Previously Active Listeners"
  },
  {
    "artistName": "Derek Trucks",
    "segment": "Previously Active Listeners"
  },
  {
    "artistName": "Oh Wonder",
    "segment": "Previously Active Listeners"
  },
  {
    "artistName": "Lebo M.",
    "segment": "Previously Active Listeners"
  },
  {
    "artistName": "The Radiators",
    "segment": "Previously Active Listeners"
  },
  {
    "artistName": "Pinotello",
    "segment": "Light listeners"
  },
  {
    "artistName": "Bad Bunny",
    "segment": "Previously Active Listeners"
  },
  {
    "artistName": "Local Natives",
    "segment": "Previously Active Listeners"
  },
  {
    "artistName": "Sierra Ferrell",
    "segment": "Previously Active Listeners"
  },
  {
    "artistName": "Kenny Beats",
    "segment": "Previously Active Listeners"
  },
  {
    "artistName": "Yung Fazo",
    "segment": "Previously Active Listeners"
  },
  {
    "artistName": "The Strokes",
    "segment": "Previously Active Listeners"
  },
  {
    "artistName": "XXXTENTACION",
    "segment": "Previously Active Listeners"
  },
  {
    "artistName": "The Avener",
    "segment": "Previously Active Listeners"
  },
  {
    "artistName": "Florence + The Machine",
    "segment": "Previously Active Listeners"
  },
  {
    "artistName": "Thee Sacred Souls",
    "segment": "Previously Active Listeners"
  },
  {
    "artistName": "Lil Texas",
    "segment": "Light listeners"
  },
  {
    "artistName": "Game of Thrones",
    "segment": "Previously Active Listeners"
  },
  {
    "artistName": "Bruce Springsteen",
    "segment": "Previously Active Listeners"
  },
  {
    "artistName": "JAY-Z",
    "segment": "Previously Active Listeners"
  },
  {
    "artistName": "Longus Mongus",
    "segment": "Light listeners"
  },
  {
    "artistName": "The Grogans",
    "segment": "Moderate listeners"
  },
  {
    "artistName": "Nicki Minaj",
    "segment": "Previously Active Listeners"
  },
  {
    "artistName": "Micah Nelson",
    "segment": "Previously Active Listeners"
  },
  {
    "artistName": "Playboi Carti",
    "segment": "Previously Active Listeners"
  },
  {
    "artistName": "Peggy Gou",
    "segment": "Previously Active Listeners"
  },
  {
    "artistName": "John Cruz",
    "segment": "Previously Active Listeners"
  },
  {
    "artistName": "Ms. Lauryn Hill",
    "segment": "Light listeners"
  },
  {
    "artistName": "Scientist",
    "segment": "Previously Active Listeners"
  },
  {
    "artistName": "The War And Treaty",
    "segment": "Light listeners"
  },
  {
    "artistName": "Dent May",
    "segment": "Previously Active Listeners"
  },
  {
    "artistName": "Cat Dealers",
    "segment": "Previously Active Listeners"
  },
  {
    "artistName": "Addison Rae",
    "segment": "Previously Active Listeners"
  },
  {
    "artistName": "mxmtoon",
    "segment": "Previously Active Listeners"
  },
  {
    "artistName": "6 Dogs",
    "segment": "Previously Active Listeners"
  },
  {
    "artistName": "PNAU",
    "segment": "Previously Active Listeners"
  },
  {
    "artistName": "Rum Jungle",
    "segment": "Moderate listeners"
  },
  {
    "artistName": "River Whyless",
    "segment": "Previously Active Listeners"
  },
  {
    "artistName": "Sia",
    "segment": "Previously Active Listeners"
  },
  {
    "artistName": "David Guetta",
    "segment": "Previously Active Listeners"
  },
  {
    "artistName": "Beyoncé",
    "segment": "Previously Active Listeners"
  },
  {
    "artistName": "Camila Cabello",
    "segment": "Previously Active Listeners"
  },
  {
    "artistName": "George Harrison",
    "segment": "Previously Active Listeners"
  },
  {
    "artistName": "AFROJACK",
    "segment": "Previously Active Listeners"
  },
  {
    "artistName": "Daft Punk",
    "segment": "Previously Active Listeners"
  },
  {
    "artistName": "Nia Archives",
    "segment": "Previously Active Listeners"
  },
  {
    "artistName": "Alan Walker",
    "segment": "Previously Active Listeners"
  },
  {
    "artistName": "The Odd Man Who Sings About Poop, Puke and Pee",
    "segment": "Previously Active Listeners"
  },
  {
    "artistName": "Yuno Miles",
    "segment": "Previously Active Listeners"
  },
  {
    "artistName": "Durand Jones & The Indications",
    "segment": "Previously Active Listeners"
  },
  {
    "artistName": "Philharmonia Orchestra",
    "segment": "Previously Active Listeners"
  },
  {
    "artistName": "Jungle",
    "segment": "Previously Active Listeners"
  },
  {
    "artistName": "Loose Bricks",
    "segment": "Moderate listeners"
  },
  {
    "artistName": "Drake",
    "segment": "Previously Active Listeners"
  },
  {
    "artistName": "Neon Trees",
    "segment": "Previously Active Listeners"
  },
  {
    "artistName": "R3HAB",
    "segment": "Previously Active Listeners"
  },
  {
    "artistName": "Dominic Fike",
    "segment": "Previously Active Listeners"
  },
  {
    "artistName": "Snoop Dogg",
    "segment": "Previously Active Listeners"
  },
  {
    "artistName": "Tobiahs",
    "segment": "Previously Active Listeners"
  },
  {
    "artistName": "Joel Corry",
    "segment": "Previously Active Listeners"
  },
  {
    "artistName": "Gigi D'Agostino",
    "segment": "Previously Active Listeners"
  },
  {
    "artistName": "Radiohead",
    "segment": "Previously Active Listeners"
  },
  {
    "artistName": "Bruno Mars",
    "segment": "Previously Active Listeners"
  },
  {
    "artistName": "BANNERS",
    "segment": "Previously Active Listeners"
  },
  {
    "artistName": "Kita Alexander",
    "segment": "Previously Active Listeners"
  },
  {
    "artistName": "Sexyy Red",
    "segment": "Previously Active Listeners"
  },
  {
    "artistName": "Kelsea Ballerini",
    "segment": "Previously Active Listeners"
  },
  {
    "artistName": "Sueco",
    "segment": "Previously Active Listeners"
  },
  {
    "artistName": "Joy Oladokun",
    "segment": "Previously Active Listeners"
  },
  {
    "artistName": "Zac Efron",
    "segment": "Previously Active Listeners"
  },
  {
    "artistName": "Alex Isley",
    "segment": "Previously Active Listeners"
  },
  {
    "artistName": "Phil Harris",
    "segment": "Previously Active Listeners"
  },
  {
    "artistName": "Her's",
    "segment": "Previously Active Listeners"
  },
  {
    "artistName": "Kygo",
    "segment": "Previously Active Listeners"
  },
  {
    "artistName": "Sticky Fingers",
    "segment": "Super Listeners"
  },
  {
    "artistName": "Ray Benson",
    "segment": "Previously Active Listeners"
  },
  {
    "artistName": "ROSÉ",
    "segment": "Previously Active Listeners"
  },
  {
    "artistName": "Sami Brielle",
    "segment": "Previously Active Listeners"
  },
  {
    "artistName": "Cautious Clay",
    "segment": "Previously Active Listeners"
  },
  {
    "artistName": "Flying Lotus",
    "segment": "Previously Active Listeners"
  },
  {
    "artistName": "5 Seconds of Summer",
    "segment": "Previously Active Listeners"
  },
  {
    "artistName": "FISHER",
    "segment": "Previously Active Listeners"
  },
  {
    "artistName": "Dua Lipa",
    "segment": "Previously Active Listeners"
  },
  {
    "artistName": "Dizzee Rascal",
    "segment": "Previously Active Listeners"
  },
  {
    "artistName": "Famous Dex",
    "segment": "Previously Active Listeners"
  },
  {
    "artistName": "Carly Simon",
    "segment": "Moderate listeners"
  },
  {
    "artistName": "Diana Ross",
    "segment": "Previously Active Listeners"
  },
  {
    "artistName": "Young Thug",
    "segment": "Previously Active Listeners"
  },
  {
    "artistName": "Diddy",
    "segment": "Previously Active Listeners"
  },
  {
    "artistName": "MCR-T",
    "segment": "Previously Active Listeners"
  },
  {
    "artistName": "Aatig",
    "segment": "Previously Active Listeners"
  },
  {
    "artistName": "Carl Barron",
    "segment": "Previously Active Listeners"
  },
  {
    "artistName": "Ion Miles",
    "segment": "Light listeners"
  },
  {
    "artistName": "Rainbow Kitten Surprise",
    "segment": "Previously Active Listeners"
  },
  {
    "artistName": "Cottonwood Firing Squad",
    "segment": "Previously Active Listeners"
  },
  {
    "artistName": "Bananarama",
    "segment": "Previously Active Listeners"
  },
  {
    "artistName": "The Kiffs",
    "segment": "Previously Active Listeners"
  },
  {
    "artistName": "G-Eazy",
    "segment": "Previously Active Listeners"
  },
  {
    "artistName": "Lustra",
    "segment": "Previously Active Listeners"
  },
  {
    "artistName": "Dennis Bovell",
    "segment": "Previously Active Listeners"
  },
  {
    "artistName": "Tash Sultana",
    "segment": "Previously Active Listeners"
  },
  {
    "artistName": "Jimmy Buffett",
    "segment": "Previously Active Listeners"
  },
  {
    "artistName": "Drewbyrd",
    "segment": "Previously Active Listeners"
  },
  {
    "artistName": "DRAMA",
    "segment": "Previously Active Listeners"
  },
  {
    "artistName": "Tori Amos",
    "segment": "Previously Active Listeners"
  },
  {
    "artistName": "Valerie June",
    "segment": "Previously Active Listeners"
  },
  {
    "artistName": "Maribou State",
    "segment": "Previously Active Listeners"
  },
  {
    "artistName": "Kane Brown",
    "segment": "Previously Active Listeners"
  },
  {
    "artistName": "MØ",
    "segment": "Previously Active Listeners"
  },
  {
    "artistName": "Fitz and The Tantrums",
    "segment": "Previously Active Listeners"
  },
  {
    "artistName": "Mitski",
    "segment": "Previously Active Listeners"
  },
  {
    "artistName": "Blake and Miles",
    "segment": "Previously Active Listeners"
  },
  {
    "artistName": "Olivia Dean",
    "segment": "Previously Active Listeners"
  },
  {
    "artistName": "KETTAMA",
    "segment": "Moderate listeners"
  },
  {
    "artistName": "The Goo Goo Dolls",
    "segment": "Previously Active Listeners"
  },
  {
    "artistName": "George Martin",
    "segment": "Previously Active Listeners"
  },
  {
    "artistName": "Ali Gatie",
    "segment": "Previously Active Listeners"
  },
  {
    "artistName": "Jake Shimabukuro",
    "segment": "Previously Active Listeners"
  },
  {
    "artistName": "Lord Huron",
    "segment": "Previously Active Listeners"
  },
  {
    "artistName": "Rowan Blanchard",
    "segment": "Previously Active Listeners"
  },
  {
    "artistName": "Måneskin",
    "segment": "Previously Active Listeners"
  },
  {
    "artistName": "Fergie",
    "segment": "Previously Active Listeners"
  },
  {
    "artistName": "Yeat",
    "segment": "Previously Active Listeners"
  },
  {
    "artistName": "Wild Rivers",
    "segment": "Previously Active Listeners"
  },
  {
    "artistName": "APRE",
    "segment": "Previously Active Listeners"
  },
  {
    "artistName": "Father John Misty",
    "segment": "Previously Active Listeners"
  },
  {
    "artistName": "Jordan Burchel",
    "segment": "Previously Active Listeners"
  },
  {
    "artistName": "Dj Lc",
    "segment": "Previously Active Listeners"
  },
  {
    "artistName": "Mobb Deep",
    "segment": "Previously Active Listeners"
  },
  {
    "artistName": "SABINA",
    "segment": "Previously Active Listeners"
  },
  {
    "artistName": "Lorde",
    "segment": "Previously Active Listeners"
  },
  {
    "artistName": "Gang of Youths",
    "segment": "Previously Active Listeners"
  },
  {
    "artistName": "Talented Blake",
    "segment": "Light listeners"
  },
  {
    "artistName": "Childish Gambino",
    "segment": "Previously Active Listeners"
  },
  {
    "artistName": "Susan Tedeschi",
    "segment": "Previously Active Listeners"
  },
  {
    "artistName": "Sean Paul",
    "segment": "Previously Active Listeners"
  },
  {
    "artistName": "The Weeknd",
    "segment": "Previously Active Listeners"
  },
  {
    "artistName": "Guns N' Roses",
    "segment": "Previously Active Listeners"
  },
  {
    "artistName": "Kendrick Lamar",
    "segment": "Light listeners"
  },
  {
    "artistName": "Hajaj",
    "segment": "Previously Active Listeners"
  },
  {
    "artistName": "Mark Morrison",
    "segment": "Previously Active Listeners"
  },
  {
    "artistName": "Hippie Sabotage",
    "segment": "Previously Active Listeners"
  },
  {
    "artistName": "Lucky Daye",
    "segment": "Previously Active Listeners"
  },
  {
    "artistName": "Winston Surfshirt",
    "segment": "Light listeners"
  },
  {
    "artistName": "Hassan Abou Seoud",
    "segment": "Previously Active Listeners"
  },
  {
    "artistName": "¿Téo?",
    "segment": "Previously Active Listeners"
  },
  {
    "artistName": "Lady Gaga",
    "segment": "Previously Active Listeners"
  },
  {
    "artistName": "Imagine Dragons",
    "segment": "Previously Active Listeners"
  },
  {
    "artistName": "Macklemore & Ryan Lewis",
    "segment": "Previously Active Listeners"
  },
  {
    "artistName": "Pisco Sour",
    "segment": "Previously Active Listeners"
  },
  {
    "artistName": "Star.One",
    "segment": "Previously Active Listeners"
  },
  {
    "artistName": "Vance Joy",
    "segment": "Previously Active Listeners"
  },
  {
    "artistName": "Matt Duncan",
    "segment": "Previously Active Listeners"
  },
  {
    "artistName": "Buffalo Springfield",
    "segment": "Moderate listeners"
  },
  {
    "artistName": "Holly Walker",
    "segment": "Previously Active Listeners"
  },
  {
    "artistName": "U2",
    "segment": "Previously Active Listeners"
  },
  {
    "artistName": "PAWSA",
    "segment": "Previously Active Listeners"
  },
  {
    "artistName": "Lin-Manuel Miranda",
    "segment": "Previously Active Listeners"
  },
  {
    "artistName": "Basenji",
    "segment": "Previously Active Listeners"
  },
  {
    "artistName": "Jet",
    "segment": "Previously Active Listeners"
  },
  {
    "artistName": "southstar",
    "segment": "Previously Active Listeners"
  },
  {
    "artistName": "The Rare Occasions",
    "segment": "Previously Active Listeners"
  },
  {
    "artistName": "SALES",
    "segment": "Previously Active Listeners"
  },
  {
    "artistName": "Hanz",
    "segment": "Previously Active Listeners"
  },
  {
    "artistName": "Simple Plan",
    "segment": "Previously Active Listeners"
  },
  {
    "artistName": "Skrillex",
    "segment": "Previously Active Listeners"
  },
  {
    "artistName": "Nu",
    "segment": "Light listeners"
  },
  {
    "artistName": "King Harvest",
    "segment": "Moderate listeners"
  },
  {
    "artistName": "The Ataris",
    "segment": "Previously Active Listeners"
  },
  {
    "artistName": "Ty Dolla $ign",
    "segment": "Previously Active Listeners"
  },
  {
    "artistName": "Oliver Tree",
    "segment": "Previously Active Listeners"
  },
  {
    "artistName": "Ken Carson",
    "segment": "Previously Active Listeners"
  },
  {
    "artistName": "Macklemore",
    "segment": "Previously Active Listeners"
  },
  {
    "artistName": "Powfu",
    "segment": "Previously Active Listeners"
  },
  {
    "artistName": "Sik World",
    "segment": "Previously Active Listeners"
  },
  {
    "artistName": "Josh Meloy",
    "segment": "Previously Active Listeners"
  },
  {
    "artistName": "Taio Cruz",
    "segment": "Previously Active Listeners"
  },
  {
    "artistName": "Purple Disco Machine",
    "segment": "Light listeners"
  },
  {
    "artistName": "Mark Ronson",
    "segment": "Previously Active Listeners"
  },
  {
    "artistName": "Zedd",
    "segment": "Previously Active Listeners"
  },
  {
    "artistName": "Metronomy",
    "segment": "Previously Active Listeners"
  },
  {
    "artistName": "Milky Chance",
    "segment": "Light listeners"
  },
  {
    "artistName": "Spartaque",
    "segment": "Previously Active Listeners"
  },
  {
    "artistName": "Ted Jasper",
    "segment": "Previously Active Listeners"
  },
  {
    "artistName": "Steve Earle",
    "segment": "Previously Active Listeners"
  },
  {
    "artistName": "Iyaz",
    "segment": "Previously Active Listeners"
  },
  {
    "artistName": "Ice Spice",
    "segment": "Previously Active Listeners"
  },
  {
    "artistName": "Famy",
    "segment": "Previously Active Listeners"
  },
  {
    "artistName": "The Outfield",
    "segment": "Previously Active Listeners"
  },
  {
    "artistName": "Teenage Dads",
    "segment": "Moderate listeners"
  },
  {
    "artistName": "CeeLo Green",
    "segment": "Previously Active Listeners"
  },
  {
    "artistName": "Tom The Mail Man",
    "segment": "Previously Active Listeners"
  },
  {
    "artistName": "Tom Odell",
    "segment": "Previously Active Listeners"
  },
  {
    "artistName": "cassö",
    "segment": "Previously Active Listeners"
  },
  {
    "artistName": "Anson Seabra",
    "segment": "Previously Active Listeners"
  },
  {
    "artistName": "Summer Walker",
    "segment": "Previously Active Listeners"
  },
  {
    "artistName": "John Farnham",
    "segment": "Previously Active Listeners"
  },
  {
    "artistName": "Beach Bunny",
    "segment": "Previously Active Listeners"
  },
  {
    "artistName": "21 Savage",
    "segment": "Previously Active Listeners"
  },
  {
    "artistName": "Portugal. The Man",
    "segment": "Previously Active Listeners"
  },
  {
    "artistName": "M83",
    "segment": "Light listeners"
  },
  {
    "artistName": "Talking Heads",
    "segment": "Previously Active Listeners"
  },
  {
    "artistName": "Aaliyah",
    "segment": "Light listeners"
  },
  {
    "artistName": "Looking Glass",
    "segment": "Moderate listeners"
  },
  {
    "artistName": "Dayglow",
    "segment": "Previously Active Listeners"
  },
  {
    "artistName": "Kool & The Gang",
    "segment": "Previously Active Listeners"
  },
  {
    "artistName": "Niall Horan",
    "segment": "Previously Active Listeners"
  },
  {
    "artistName": "Zendaya",
    "segment": "Previously Active Listeners"
  },
  {
    "artistName": "Jodi Benson",
    "segment": "Previously Active Listeners"
  },
  {
    "artistName": "horsegiirL",
    "segment": "Previously Active Listeners"
  },
  {
    "artistName": "blackbear",
    "segment": "Previously Active Listeners"
  },
  {
    "artistName": "New Cinema Ensemble",
    "segment": "Previously Active Listeners"
  },
  {
    "artistName": "Henrik",
    "segment": "Previously Active Listeners"
  },
  {
    "artistName": "FRENSHIP",
    "segment": "Previously Active Listeners"
  },
  {
    "artistName": "JP Saxe",
    "segment": "Previously Active Listeners"
  },
  {
    "artistName": "Marlon Hoffstadt",
    "segment": "Previously Active Listeners"
  },
  {
    "artistName": "Próxima Parada",
    "segment": "Previously Active Listeners"
  },
  {
    "artistName": "DB Boulevard",
    "segment": "Previously Active Listeners"
  },
  {
    "artistName": "Kesha",
    "segment": "Previously Active Listeners"
  },
  {
    "artistName": "Alan Menken",
    "segment": "Previously Active Listeners"
  },
  {
    "artistName": "Steve Miller Band",
    "segment": "Moderate listeners"
  },
  {
    "artistName": "Emily Warren",
    "segment": "Previously Active Listeners"
  },
  {
    "artistName": "Lil Baby",
    "segment": "Previously Active Listeners"
  },
  {
    "artistName": "Flight",
    "segment": "Previously Active Listeners"
  },
  {
    "artistName": "Tariq Trotter",
    "segment": "Light listeners"
  },
  {
    "artistName": "PinkPantheress",
    "segment": "Previously Active Listeners"
  },
  {
    "artistName": "Snakehips",
    "segment": "Previously Active Listeners"
  },
  {
    "artistName": "Bellini",
    "segment": "Previously Active Listeners"
  },
  {
    "artistName": "Nathaniel Rateliff",
    "segment": "Previously Active Listeners"
  },
  {
    "artistName": "Eminem",
    "segment": "Previously Active Listeners"
  },
  {
    "artistName": "Rob $tone",
    "segment": "Previously Active Listeners"
  },
  {
    "artistName": "abigail peyton",
    "segment": "Previously Active Listeners"
  },
  {
    "artistName": "Zara Larsson",
    "segment": "Previously Active Listeners"
  },
  {
    "artistName": "Andy Grammer",
    "segment": "Previously Active Listeners"
  },
  {
    "artistName": "The Magician",
    "segment": "Light listeners"
  },
  {
    "artistName": "Little Simz",
    "segment": "Previously Active Listeners"
  },
  {
    "artistName": "Mako Road",
    "segment": "Super Listeners"
  },
  {
    "artistName": "G3 GELO",
    "segment": "Previously Active Listeners"
  },
  {
    "artistName": "Kris Kristofferson",
    "segment": "Previously Active Listeners"
  },
  {
    "artistName": "Bastille",
    "segment": "Previously Active Listeners"
  },
  {
    "artistName": "Kina",
    "segment": "Previously Active Listeners"
  },
  {
    "artistName": "The Foundations",
    "segment": "Moderate listeners"
  },
  {
    "artistName": "Seu Jorge",
    "segment": "Previously Active Listeners"
  },
  {
    "artistName": "Armand Van Helden",
    "segment": "Previously Active Listeners"
  },
  {
    "artistName": "Dasha",
    "segment": "Previously Active Listeners"
  },
  {
    "artistName": "Otis Redding",
    "segment": "Moderate listeners"
  },
  {
    "artistName": "Eric Prydz",
    "segment": "Previously Active Listeners"
  },
  {
    "artistName": "Kitty Ca$h",
    "segment": "Previously Active Listeners"
  },
  {
    "artistName": "Wings",
    "segment": "Moderate listeners"
  },
  {
    "artistName": "Hyunjin",
    "segment": "Previously Active Listeners"
  },
  {
    "artistName": "Djo",
    "segment": "Moderate listeners"
  },
  {
    "artistName": "CYRIL",
    "segment": "Previously Active Listeners"
  },
  {
    "artistName": "Kid Cudi",
    "segment": "Light listeners"
  },
  {
    "artistName": "YOASOBI",
    "segment": "Previously Active Listeners"
  },
  {
    "artistName": "Mt. Joy",
    "segment": "Moderate listeners"
  },
  {
    "artistName": "The Native",
    "segment": "Previously Active Listeners"
  },
  {
    "artistName": "JPEGMAFIA",
    "segment": "Previously Active Listeners"
  },
  {
    "artistName": "Colbie Caillat",
    "segment": "Previously Active Listeners"
  },
  {
    "artistName": "Yolanda Be Cool",
    "segment": "Previously Active Listeners"
  },
  {
    "artistName": "Hugh Jackman",
    "segment": "Previously Active Listeners"
  },
  {
    "artistName": "Matt Corby",
    "segment": "Previously Active Listeners"
  },
  {
    "artistName": "Redinho",
    "segment": "Previously Active Listeners"
  },
  {
    "artistName": "Metallica",
    "segment": "Previously Active Listeners"
  },
  {
    "artistName": "Spacey Jane",
    "segment": "Super Listeners"
  },
  {
    "artistName": "Outkast",
    "segment": "Previously Active Listeners"
  },
  {
    "artistName": "Diplo",
    "segment": "Previously Active Listeners"
  },
  {
    "artistName": "Faces",
    "segment": "Moderate listeners"
  },
  {
    "artistName": "Hotel Ugly",
    "segment": "Previously Active Listeners"
  },
  {
    "artistName": "Marlena Shaw",
    "segment": "Previously Active Listeners"
  },
  {
    "artistName": "Anne-Marie",
    "segment": "Previously Active Listeners"
  },
  {
    "artistName": "DOPE LEMON",
    "segment": "Super Listeners"
  },
  {
    "artistName": "DaBaby",
    "segment": "Previously Active Listeners"
  },
  {
    "artistName": "A Great Big World",
    "segment": "Previously Active Listeners"
  },
  {
    "artistName": "ALO",
    "segment": "Previously Active Listeners"
  },
  {
    "artistName": "Stealers Wheel",
    "segment": "Moderate listeners"
  },
  {
    "artistName": "Gerry Rafferty",
    "segment": "Previously Active Listeners"
  },
  {
    "artistName": "Calvin Harris",
    "segment": "Previously Active Listeners"
  },
  {
    "artistName": "Gunna",
    "segment": "Previously Active Listeners"
  },
  {
    "artistName": "NewTone",
    "segment": "Previously Active Listeners"
  },
  {
    "artistName": "Twin Fin",
    "segment": "Previously Active Listeners"
  },
  {
    "artistName": "Hockey Dad",
    "segment": "Moderate listeners"
  },
  {
    "artistName": "Passenger",
    "segment": "Previously Active Listeners"
  },
  {
    "artistName": "Pomplamoose",
    "segment": "Previously Active Listeners"
  },
  {
    "artistName": "Adele",
    "segment": "Previously Active Listeners"
  },
  {
    "artistName": "Jonah Kagen",
    "segment": "Previously Active Listeners"
  },
  {
    "artistName": "Wolfgang Petry",
    "segment": "Previously Active Listeners"
  },
  {
    "artistName": "Joe Dassin",
    "segment": "Previously Active Listeners"
  },
  {
    "artistName": "The Temptations",
    "segment": "Previously Active Listeners"
  },
  {
    "artistName": "Barbatuques",
    "segment": "Previously Active Listeners"
  },
  {
    "artistName": "Boy & Bear",
    "segment": "Previously Active Listeners"
  },
  {
    "artistName": "Riton",
    "segment": "Previously Active Listeners"
  },
  {
    "artistName": "binki",
    "segment": "Moderate listeners"
  },
  {
    "artistName": "Miki Matsubara",
    "segment": "Previously Active Listeners"
  },
  {
    "artistName": "Manu Chao",
    "segment": "Previously Active Listeners"
  },
  {
    "artistName": "Stevie Wonder",
    "segment": "Previously Active Listeners"
  },
  {
    "artistName": "Tyne-James Organ",
    "segment": "Previously Active Listeners"
  },
  {
    "artistName": "D-Block Europe",
    "segment": "Previously Active Listeners"
  },
  {
    "artistName": "The Dreggs",
    "segment": "Moderate listeners"
  },
  {
    "artistName": "Mauro Picotto",
    "segment": "Previously Active Listeners"
  },
  {
    "artistName": "BTS",
    "segment": "Previously Active Listeners"
  },
  {
    "artistName": "Ondi Vil",
    "segment": "Previously Active Listeners"
  },
  {
    "artistName": "Savage Ga$p",
    "segment": "Previously Active Listeners"
  },
  {
    "artistName": "Szymon",
    "segment": "Previously Active Listeners"
  },
  {
    "artistName": "Annie Lennox",
    "segment": "Previously Active Listeners"
  },
  {
    "artistName": "Lukas Nelson",
    "segment": "Previously Active Listeners"
  },
  {
    "artistName": "Partiboi69",
    "segment": "Previously Active Listeners"
  },
  {
    "artistName": "Cloonee",
    "segment": "Light listeners"
  },
  {
    "artistName": "Silk Sonic",
    "segment": "Previously Active Listeners"
  },
  {
    "artistName": "Grits",
    "segment": "Previously Active Listeners"
  },
  {
    "artistName": "The Blessed Madonna",
    "segment": "Light listeners"
  },
  {
    "artistName": "berlioz",
    "segment": "Light listeners"
  },
  {
    "artistName": "Sam Alfred",
    "segment": "Previously Active Listeners"
  },
  {
    "artistName": "Ayparia",
    "segment": "Previously Active Listeners"
  },
  {
    "artistName": "Green Day",
    "segment": "Previously Active Listeners"
  },
  {
    "artistName": "Gryffin",
    "segment": "Previously Active Listeners"
  },
  {
    "artistName": "Nickelback",
    "segment": "Previously Active Listeners"
  },
  {
    "artistName": "Plain White T's",
    "segment": "Previously Active Listeners"
  },
  {
    "artistName": "Ministry Of Funk",
    "segment": "Light listeners"
  },
  {
    "artistName": "Dusty Springfield",
    "segment": "Super Listeners"
  },
  {
    "artistName": "Christina Aguilera",
    "segment": "Previously Active Listeners"
  },
  {
    "artistName": "Hans Williams",
    "segment": "Previously Active Listeners"
  },
  {
    "artistName": "Tiësto",
    "segment": "Previously Active Listeners"
  },
  {
    "artistName": "Lil Wayne",
    "segment": "Previously Active Listeners"
  },
  {
    "artistName": "Flo Rida",
    "segment": "Previously Active Listeners"
  },
  {
    "artistName": "Avril Lavigne",
    "segment": "Previously Active Listeners"
  },
  {
    "artistName": "John Williamson",
    "segment": "Previously Active Listeners"
  },
  {
    "artistName": "The UK Shapeshifters",
    "segment": "Light listeners"
  },
  {
    "artistName": "HUGEL",
    "segment": "Previously Active Listeners"
  },
  {
    "artistName": "Brown Dash",
    "segment": "Previously Active Listeners"
  },
  {
    "artistName": "Wallows",
    "segment": "Previously Active Listeners"
  },
  {
    "artistName": "Ray Dalton",
    "segment": "Previously Active Listeners"
  },
  {
    "artistName": "Bobby Bare",
    "segment": "Previously Active Listeners"
  },
  {
    "artistName": "Samuel Barber",
    "segment": "Previously Active Listeners"
  },
  {
    "artistName": "Michael Marcagi",
    "segment": "Light listeners"
  },
  {
    "artistName": "Pollari",
    "segment": "Previously Active Listeners"
  },
  {
    "artistName": "The Rubens",
    "segment": "Previously Active Listeners"
  },
  {
    "artistName": "tobi lou",
    "segment": "Previously Active Listeners"
  },
  {
    "artistName": "Diddy - Dirty Money",
    "segment": "Previously Active Listeners"
  },
  {
    "artistName": "DJ YARAK",
    "segment": "Previously Active Listeners"
  },
  {
    "artistName": "MGMT",
    "segment": "Light listeners"
  },
  {
    "artistName": "Empire Of The Sun",
    "segment": "Moderate listeners"
  },
  {
    "artistName": "Joji",
    "segment": "Previously Active Listeners"
  },
  {
    "artistName": "Lil Skies",
    "segment": "Previously Active Listeners"
  },
  {
    "artistName": "Eliza Rose",
    "segment": "Light listeners"
  },
  {
    "artistName": "DANYANTE",
    "segment": "Previously Active Listeners"
  },
  {
    "artistName": "Tyler, The Creator",
    "segment": "Previously Active Listeners"
  },
  {
    "artistName": "¥$",
    "segment": "Previously Active Listeners"
  },
  {
    "artistName": "Vluestar",
    "segment": "Previously Active Listeners"
  },
  {
    "artistName": "Malcolm Todd",
    "segment": "Previously Active Listeners"
  },
  {
    "artistName": "Stormzy",
    "segment": "Previously Active Listeners"
  },
  {
    "artistName": "Lil Uzi Vert",
    "segment": "Previously Active Listeners"
  },
  {
    "artistName": "Faithless",
    "segment": "Previously Active Listeners"
  },
  {
    "artistName": "Alibii",
    "segment": "Previously Active Listeners"
  },
  {
    "artistName": "Reece Mastin",
    "segment": "Previously Active Listeners"
  },
  {
    "artistName": "The Hollies",
    "segment": "Moderate listeners"
  },
  {
    "artistName": "Parcels",
    "segment": "Light listeners"
  },
  {
    "artistName": "Arthur Hill",
    "segment": "Previously Active Listeners"
  },
  {
    "artistName": "Mumford & Sons",
    "segment": "Previously Active Listeners"
  },
  {
    "artistName": "Erick the Architect",
    "segment": "Previously Active Listeners"
  },
  {
    "artistName": "NO1-NOAH",
    "segment": "Previously Active Listeners"
  },
  {
    "artistName": "Mewhy",
    "segment": "Light listeners"
  },
  {
    "artistName": "Klangkarussell",
    "segment": "Previously Active Listeners"
  },
  {
    "artistName": "Train",
    "segment": "Light listeners"
  },
  {
    "artistName": "Mc Pretchako",
    "segment": "Previously Active Listeners"
  },
  {
    "artistName": "Charlie Burg",
    "segment": "Previously Active Listeners"
  },
  {
    "artistName": "Franz Ferdinand",
    "segment": "Previously Active Listeners"
  },
  {
    "artistName": "Stella Bossi",
    "segment": "Previously Active Listeners"
  },
  {
    "artistName": "Ashes To Amber",
    "segment": "Previously Active Listeners"
  },
  {
    "artistName": "Xuitcasecity",
    "segment": "Previously Active Listeners"
  },
  {
    "artistName": "Mason Jennings",
    "segment": "Previously Active Listeners"
  },
  {
    "artistName": "The Temper Trap",
    "segment": "Previously Active Listeners"
  },
  {
    "artistName": "Bootie Brown",
    "segment": "Light listeners"
  },
  {
    "artistName": "LILPUKA",
    "segment": "Previously Active Listeners"
  },
  {
    "artistName": "The Avett Brothers",
    "segment": "Previously Active Listeners"
  },
  {
    "artistName": "Briston Maroney",
    "segment": "Previously Active Listeners"
  },
  {
    "artistName": "The Chords",
    "segment": "Previously Active Listeners"
  },
  {
    "artistName": "SoFaygo",
    "segment": "Previously Active Listeners"
  },
  {
    "artistName": "Boney M.",
    "segment": "Previously Active Listeners"
  },
  {
    "artistName": "Fatboy Slim",
    "segment": "Previously Active Listeners"
  },
  {
    "artistName": "Jake Bugg",
    "segment": "Previously Active Listeners"
  },
  {
    "artistName": "Tommy Villiers",
    "segment": "Previously Active Listeners"
  },
  {
    "artistName": "Paul Simon",
    "segment": "Moderate listeners"
  },
  {
    "artistName": "Pale Jay",
    "segment": "Light listeners"
  },
  {
    "artistName": "Julia Michaels",
    "segment": "Light listeners"
  },
  {
    "artistName": "Sam Fender",
    "segment": "Previously Active Listeners"
  },
  {
    "artistName": "070 Shake",
    "segment": "Previously Active Listeners"
  },
  {
    "artistName": "Jo.Ke",
    "segment": "Light listeners"
  },
  {
    "artistName": "Nightmares On Wax",
    "segment": "Previously Active Listeners"
  },
  {
    "artistName": "Brent Faiyaz",
    "segment": "Previously Active Listeners"
  },
  {
    "artistName": "Roisee",
    "segment": "Previously Active Listeners"
  },
  {
    "artistName": "John Vincent III",
    "segment": "Previously Active Listeners"
  },
  {
    "artistName": "Carpenters",
    "segment": "Previously Active Listeners"
  },
  {
    "artistName": "Vengaboys",
    "segment": "Light listeners"
  },
  {
    "artistName": "KYLE",
    "segment": "Previously Active Listeners"
  },
  {
    "artistName": "Julia Lester",
    "segment": "Previously Active Listeners"
  },
  {
    "artistName": "Metro Boomin",
    "segment": "Previously Active Listeners"
  },
  {
    "artistName": "The Lumineers",
    "segment": "Light listeners"
  },
  {
    "artistName": "Dennis Lloyd",
    "segment": "Previously Active Listeners"
  },
  {
    "artistName": "Kalmi",
    "segment": "Previously Active Listeners"
  },
  {
    "artistName": "Superheaven",
    "segment": "Previously Active Listeners"
  },
  {
    "artistName": "Camille",
    "segment": "Previously Active Listeners"
  },
  {
    "artistName": "TEOKAD",
    "segment": "Previously Active Listeners"
  },
  {
    "artistName": "Alfie Templeman",
    "segment": "Previously Active Listeners"
  },
  {
    "artistName": "Matchbox Twenty",
    "segment": "Previously Active Listeners"
  },
  {
    "artistName": "Sherwyn",
    "segment": "Previously Active Listeners"
  },
  {
    "artistName": "Bobby Driscoll",
    "segment": "Previously Active Listeners"
  },
  {
    "artistName": "Leon Bridges",
    "segment": "Previously Active Listeners"
  },
  {
    "artistName": "Noah Cyrus",
    "segment": "Previously Active Listeners"
  },
  {
    "artistName": "Dahi",
    "segment": "Previously Active Listeners"
  },
  {
    "artistName": "The Joy",
    "segment": "Light listeners"
  },
  {
    "artistName": "Maroon 5",
    "segment": "Previously Active Listeners"
  },
  {
    "artistName": "Chief Keef",
    "segment": "Previously Active Listeners"
  },
  {
    "artistName": "Duncan Laurence",
    "segment": "Previously Active Listeners"
  },
  {
    "artistName": "Seals and Crofts",
    "segment": "Moderate listeners"
  },
  {
    "artistName": "Choirboys",
    "segment": "Previously Active Listeners"
  },
  {
    "artistName": "Bloc Party",
    "segment": "Previously Active Listeners"
  },
  {
    "artistName": "The Lonely Island",
    "segment": "Light listeners"
  },
  {
    "artistName": "Jitwam",
    "segment": "Previously Active Listeners"
  },
  {
    "artistName": "Jamey Johnson",
    "segment": "Previously Active Listeners"
  },
  {
    "artistName": "Ryan Lewis",
    "segment": "Previously Active Listeners"
  },
  {
    "artistName": "Lil Cactus",
    "segment": "Previously Active Listeners"
  },
  {
    "artistName": "Iggy Azalea",
    "segment": "Previously Active Listeners"
  },
  {
    "artistName": "U96",
    "segment": "Previously Active Listeners"
  },
  {
    "artistName": "Dave Stewart",
    "segment": "Previously Active Listeners"
  },
  {
    "artistName": "Lizzy McAlpine",
    "segment": "Previously Active Listeners"
  },
  {
    "artistName": "Richy Mitch & The Coal Miners",
    "segment": "Previously Active Listeners"
  },
  {
    "artistName": "LLusion",
    "segment": "Previously Active Listeners"
  },
  {
    "artistName": "Gracie Abrams",
    "segment": "Previously Active Listeners"
  },
  {
    "artistName": "Big Pat",
    "segment": "Light listeners"
  },
  {
    "artistName": "Ben Gerrans",
    "segment": "Previously Active Listeners"
  },
  {
    "artistName": "The Killers",
    "segment": "Light listeners"
  },
  {
    "artistName": "Ellie Goulding",
    "segment": "Previously Active Listeners"
  },
  {
    "artistName": "ecentral",
    "segment": "Previously Active Listeners"
  },
  {
    "artistName": "The Little Willies",
    "segment": "Previously Active Listeners"
  },
  {
    "artistName": "The Cure",
    "segment": "Previously Active Listeners"
  },
  {
    "artistName": "Ewan McVicar",
    "segment": "Previously Active Listeners"
  },
  {
    "artistName": "Uffie",
    "segment": "Light listeners"
  },
  {
    "artistName": "Luedji Luna",
    "segment": "Previously Active Listeners"
  },
  {
    "artistName": "Daniel Powter",
    "segment": "Previously Active Listeners"
  },
  {
    "artistName": "Pip Millett",
    "segment": "Previously Active Listeners"
  },
  {
    "artistName": "Gotts Street Park",
    "segment": "Previously Active Listeners"
  },
  {
    "artistName": "Suzanna Son",
    "segment": "Previously Active Listeners"
  },
  {
    "artistName": "Lady Wray",
    "segment": "Previously Active Listeners"
  },
  {
    "artistName": "Polo G",
    "segment": "Previously Active Listeners"
  },
  {
    "artistName": "Bakermat",
    "segment": "Previously Active Listeners"
  },
  {
    "artistName": "Timaro",
    "segment": "Previously Active Listeners"
  },
  {
    "artistName": "Ronan Keating",
    "segment": "Previously Active Listeners"
  },
  {
    "artistName": "pretence",
    "segment": "Previously Active Listeners"
  },
  {
    "artistName": "sped up nightcore",
    "segment": "Previously Active Listeners"
  },
  {
    "artistName": "Goth Babe",
    "segment": "Previously Active Listeners"
  },
  {
    "artistName": "De La Soul",
    "segment": "Previously Active Listeners"
  },
  {
    "artistName": "Capital Cities",
    "segment": "Previously Active Listeners"
  },
  {
    "artistName": "Journey",
    "segment": "Previously Active Listeners"
  },
  {
    "artistName": "Surf Curse",
    "segment": "Previously Active Listeners"
  },
  {
    "artistName": "Noah Richardson",
    "segment": "Previously Active Listeners"
  },
  {
    "artistName": "INXS",
    "segment": "Previously Active Listeners"
  },
  {
    "artistName": "Dragon",
    "segment": "Previously Active Listeners"
  },
  {
    "artistName": "Tom Thum",
    "segment": "Light listeners"
  },
  {
    "artistName": "WEISS",
    "segment": "Light listeners"
  },
  {
    "artistName": "Sam Fischer",
    "segment": "Previously Active Listeners"
  },
  {
    "artistName": "Young Stoner Life",
    "segment": "Previously Active Listeners"
  },
  {
    "artistName": "Dan + Shay",
    "segment": "Previously Active Listeners"
  },
  {
    "artistName": "Van Morrison",
    "segment": "Moderate listeners"
  },
  {
    "artistName": "Joey Bada$$",
    "segment": "Previously Active Listeners"
  },
  {
    "artistName": "Yung Bans",
    "segment": "Previously Active Listeners"
  },
  {
    "artistName": "Varg²™",
    "segment": "Previously Active Listeners"
  },
  {
    "artistName": "Willie Nelson",
    "segment": "Previously Active Listeners"
  },
  {
    "artistName": "Gorillaz",
    "segment": "Light listeners"
  },
  {
    "artistName": "NF",
    "segment": "Previously Active Listeners"
  },
  {
    "artistName": "Aaron May",
    "segment": "Previously Active Listeners"
  },
  {
    "artistName": "Michael Giacchino",
    "segment": "Previously Active Listeners"
  },
  {
    "artistName": "Kawika Kahiapo",
    "segment": "Previously Active Listeners"
  },
  {
    "artistName": "Harry Belafonte",
    "segment": "Previously Active Listeners"
  },
  {
    "artistName": "Grizzly Bear",
    "segment": "Previously Active Listeners"
  },
  {
    "artistName": "Robbie Dupree",
    "segment": "Previously Active Listeners"
  },
  {
    "artistName": "NIKI",
    "segment": "Previously Active Listeners"
  },
  {
    "artistName": "Thundercat",
    "segment": "Moderate listeners"
  },
  {
    "artistName": "Dom Dolla",
    "segment": "Previously Active Listeners"
  },
  {
    "artistName": "Carmen Twillie",
    "segment": "Previously Active Listeners"
  },
  {
    "artistName": "Clay and Friends",
    "segment": "Previously Active Listeners"
  },
  {
    "artistName": "The Jungle Giants",
    "segment": "Moderate listeners"
  },
  {
    "artistName": "Khruangbin",
    "segment": "Previously Active Listeners"
  },
  {
    "artistName": "Don McLean",
    "segment": "Previously Active Listeners"
  },
  {
    "artistName": "Justin Timberlake",
    "segment": "Previously Active Listeners"
  },
  {
    "artistName": "Bob Dylan",
    "segment": "Previously Active Listeners"
  },
  {
    "artistName": "moondoggy",
    "segment": "Previously Active Listeners"
  },
  {
    "artistName": "Bob Sinclar",
    "segment": "Previously Active Listeners"
  },
  {
    "artistName": "Denzel Curry",
    "segment": "Previously Active Listeners"
  },
  {
    "artistName": "Erykah Badu",
    "segment": "Moderate listeners"
  },
  {
    "artistName": "flxme",
    "segment": "Previously Active Listeners"
  },
  {
    "artistName": "Luvstruck",
    "segment": "Light listeners"
  },
  {
    "artistName": "Rejjie Snow",
    "segment": "Previously Active Listeners"
  },
  {
    "artistName": "Endor",
    "segment": "Previously Active Listeners"
  },
  {
    "artistName": "Gym Class Heroes",
    "segment": "Previously Active Listeners"
  },
  {
    "artistName": "Ja Morant",
    "segment": "Previously Active Listeners"
  },
  {
    "artistName": "Arc De Soleil",
    "segment": "Previously Active Listeners"
  },
  {
    "artistName": "Pitbull",
    "segment": "Previously Active Listeners"
  },
  {
    "artistName": "Elyanna",
    "segment": "Previously Active Listeners"
  },
  {
    "artistName": "ZAYN",
    "segment": "Previously Active Listeners"
  },
  {
    "artistName": "We Three",
    "segment": "Previously Active Listeners"
  },
  {
    "artistName": "YNW Melly",
    "segment": "Previously Active Listeners"
  },
  {
    "artistName": "Lucidious",
    "segment": "Previously Active Listeners"
  },
  {
    "artistName": "Tammi Terrell",
    "segment": "Previously Active Listeners"
  },
  {
    "artistName": "Charli xcx",
    "segment": "Previously Active Listeners"
  },
  {
    "artistName": "LARRY PINK THE HUMAN",
    "segment": "Light listeners"
  },
  {
    "artistName": "Frank Ocean",
    "segment": "Previously Active Listeners"
  },
  {
    "artistName": "Stick Figure",
    "segment": "Previously Active Listeners"
  },
  {
    "artistName": "A$AP Rocky",
    "segment": "Light listeners"
  },
  {
    "artistName": "Dave Matthews",
    "segment": "Previously Active Listeners"
  },
  {
    "artistName": "Kowloon",
    "segment": "Previously Active Listeners"
  },
  {
    "artistName": "Skin On Skin",
    "segment": "Previously Active Listeners"
  },
  {
    "artistName": "Ocie Elliott",
    "segment": "Previously Active Listeners"
  },
  {
    "artistName": "Jonas Blue",
    "segment": "Previously Active Listeners"
  },
  {
    "artistName": "Juice WRLD",
    "segment": "Previously Active Listeners"
  },
  {
    "artistName": "The Champs",
    "segment": "Previously Active Listeners"
  },
  {
    "artistName": "Shift K3Y",
    "segment": "Light listeners"
  },
  {
    "artistName": "Hunters & Collectors",
    "segment": "Previously Active Listeners"
  },
  {
    "artistName": "Ashe",
    "segment": "Previously Active Listeners"
  },
  {
    "artistName": "Shakira",
    "segment": "Previously Active Listeners"
  },
  {
    "artistName": "Royel Otis",
    "segment": "Light listeners"
  },
  {
    "artistName": "Stephen Sanchez",
    "segment": "Previously Active Listeners"
  },
  {
    "artistName": "Ne-Yo",
    "segment": "Previously Active Listeners"
  },
  {
    "artistName": "The Script",
    "segment": "Previously Active Listeners"
  },
  {
    "artistName": "Montaigne",
    "segment": "Light listeners"
  },
  {
    "artistName": "Joy Crookes",
    "segment": "Previously Active Listeners"
  },
  {
    "artistName": "Interplanetary Criminal",
    "segment": "Light listeners"
  },
  {
    "artistName": "Fall Out Boy",
    "segment": "Previously Active Listeners"
  },
  {
    "artistName": "Chelsea Cutler",
    "segment": "Previously Active Listeners"
  },
  {
    "artistName": "Twenty One Pilots",
    "segment": "Previously Active Listeners"
  },
  {
    "artistName": "Riva Starr",
    "segment": "Light listeners"
  },
  {
    "artistName": "Dahi",
    "segment": "Previously Active Listeners"
  },
  {
    "artistName": "Rex Orange County",
    "segment": "Light listeners"
  },
  {
    "artistName": "Selena Gomez & The Scene",
    "segment": "Previously Active Listeners"
  },
  {
    "artistName": "Troye Sivan",
    "segment": "Previously Active Listeners"
  },
  {
    "artistName": "Soulja Boy",
    "segment": "Previously Active Listeners"
  },
  {
    "artistName": "SOPHIA",
    "segment": "Previously Active Listeners"
  },
  {
    "artistName": "Paula Fuga",
    "segment": "Previously Active Listeners"
  },
  {
    "artistName": "Steely Dan",
    "segment": "Moderate listeners"
  },
  {
    "artistName": "Travie McCoy",
    "segment": "Previously Active Listeners"
  },
  {
    "artistName": "Harry Styles",
    "segment": "Previously Active Listeners"
  },
  {
    "artistName": "will.i.am",
    "segment": "Previously Active Listeners"
  },
  {
    "artistName": "Lee Ann Womack",
    "segment": "Previously Active Listeners"
  },
  {
    "artistName": "Electric Light Orchestra",
    "segment": "Moderate listeners"
  },
  {
    "artistName": "E66s",
    "segment": "Previously Active Listeners"
  },
  {
    "artistName": "The Greatest Showman Ensemble",
    "segment": "Previously Active Listeners"
  },
  {
    "artistName": "FOVOS",
    "segment": "Previously Active Listeners"
  },
  {
    "artistName": "ayrtn",
    "segment": "Previously Active Listeners"
  },
  {
    "artistName": "Kanye West",
    "segment": "Previously Active Listeners"
  },
  {
    "artistName": "Wyatt Flores",
    "segment": "Previously Active Listeners"
  },
  {
    "artistName": "Julia Pratt",
    "segment": "Previously Active Listeners"
  },
  {
    "artistName": "Elton John",
    "segment": "Super Listeners"
  },
  {
    "artistName": "Zach Bryan",
    "segment": "Moderate listeners"
  },
  {
    "artistName": "DJ JOAO DA INESTAN",
    "segment": "Previously Active Listeners"
  },
  {
    "artistName": "The Roots",
    "segment": "Light listeners"
  },
  {
    "artistName": "Vince Gill",
    "segment": "Previously Active Listeners"
  },
  {
    "artistName": "Homeboyz Muzik",
    "segment": "Previously Active Listeners"
  },
  {
    "artistName": "The Kid LAROI",
    "segment": "Previously Active Listeners"
  },
  {
    "artistName": "LOSTBOYJAY",
    "segment": "Light listeners"
  },
  {
    "artistName": "The Whitest Boy Alive",
    "segment": "Previously Active Listeners"
  },
  {
    "artistName": "KI/KI",
    "segment": "Previously Active Listeners"
  },
  {
    "artistName": "Theophilus London",
    "segment": "Light listeners"
  },
  {
    "artistName": "Todd Terry",
    "segment": "Light listeners"
  },
  {
    "artistName": "Nico Morano",
    "segment": "Light listeners"
  },
  {
    "artistName": "Jonathan Peyton",
    "segment": "Previously Active Listeners"
  },
  {
    "artistName": "Mac Miller",
    "segment": "Moderate listeners"
  },
  {
    "artistName": "Bob Marley & The Wailers",
    "segment": "Previously Active Listeners"
  },
  {
    "artistName": "Cast of High School Musical: The Musical: The Series",
    "segment": "Previously Active Listeners"
  },
  {
    "artistName": "Lana Del Rey",
    "segment": "Previously Active Listeners"
  },
  {
    "artistName": "J. Cole",
    "segment": "Previously Active Listeners"
  },
  {
    "artistName": "Halsey",
    "segment": "Previously Active Listeners"
  },
  {
    "artistName": "IDRIS",
    "segment": "Previously Active Listeners"
  },
  {
    "artistName": "Julia DiGrazia",
    "segment": "Previously Active Listeners"
  },
  {
    "artistName": "Various Artists",
    "segment": "Previously Active Listeners"
  },
  {
    "artistName": "YORK",
    "segment": "Previously Active Listeners"
  },
  {
    "artistName": "beabadoobee",
    "segment": "Previously Active Listeners"
  },
  {
    "artistName": "WILLOW",
    "segment": "Previously Active Listeners"
  },
  {
    "artistName": "Offset",
    "segment": "Previously Active Listeners"
  },
  {
    "artistName": "Corinne Bailey Rae",
    "segment": "Previously Active Listeners"
  },
  {
    "artistName": "Richie Campbell",
    "segment": "Previously Active Listeners"
  },
  {
    "artistName": "Mac DeMarco",
    "segment": "Light listeners"
  },
  {
    "artistName": "DCup",
    "segment": "Previously Active Listeners"
  },
  {
    "artistName": "Jim Croce",
    "segment": "Moderate listeners"
  },
  {
    "artistName": "Dead Dawg",
    "segment": "Light listeners"
  },
  {
    "artistName": "John Legend",
    "segment": "Previously Active Listeners"
  },
  {
    "artistName": "Trippie Redd",
    "segment": "Previously Active Listeners"
  },
  {
    "artistName": "YUNGBLUD",
    "segment": "Previously Active Listeners"
  },
  {
    "artistName": "CARRTOONS",
    "segment": "Previously Active Listeners"
  },
  {
    "artistName": "Lil Yachty",
    "segment": "Previously Active Listeners"
  },
  {
    "artistName": "Leonard Bernstein",
    "segment": "Previously Active Listeners"
  },
  {
    "artistName": "Kodak Black",
    "segment": "Previously Active Listeners"
  },
  {
    "artistName": "Seeb",
    "segment": "Previously Active Listeners"
  },
  {
    "artistName": "Birds Of Tokyo",
    "segment": "Previously Active Listeners"
  },
  {
    "artistName": "Rihanna",
    "segment": "Previously Active Listeners"
  },
  {
    "artistName": "Lil Gnar",
    "segment": "Previously Active Listeners"
  },
  {
    "artistName": "Kacey Musgraves",
    "segment": "Light listeners"
  },
  {
    "artistName": "Idina Menzel",
    "segment": "Previously Active Listeners"
  },
  {
    "artistName": "Arcy Drive",
    "segment": "Moderate listeners"
  },
  {
    "artistName": "Wiz Khalifa",
    "segment": "Light listeners"
  },
  {
    "artistName": "CRW",
    "segment": "Previously Active Listeners"
  },
  {
    "artistName": "Justice",
    "segment": "Light listeners"
  },
  {
    "artistName": "Limp Bizkit",
    "segment": "Previously Active Listeners"
  },
  {
    "artistName": "Key Glock",
    "segment": "Previously Active Listeners"
  },
  {
    "artistName": "gnash",
    "segment": "Previously Active Listeners"
  },
  {
    "artistName": "Benefice",
    "segment": "Previously Active Listeners"
  },
  {
    "artistName": "Marvin Gaye",
    "segment": "Previously Active Listeners"
  },
  {
    "artistName": "Sports",
    "segment": "Previously Active Listeners"
  },
  {
    "artistName": "The Beatles",
    "segment": "Previously Active Listeners"
  },
  {
    "artistName": "Essosa",
    "segment": "Previously Active Listeners"
  },
  {
    "artistName": "The Terrys",
    "segment": "Moderate listeners"
  },
  {
    "artistName": "Justin Bieber",
    "segment": "Previously Active Listeners"
  },
  {
    "artistName": "Maz",
    "segment": "Previously Active Listeners"
  },
  {
    "artistName": "Tears For Fears",
    "segment": "Previously Active Listeners"
  },
  {
    "artistName": "Ralph Castelli",
    "segment": "Light listeners"
  },
  {
    "artistName": "Nico & Vinz",
    "segment": "Previously Active Listeners"
  },
  {
    "artistName": "FKA twigs",
    "segment": "Previously Active Listeners"
  },
  {
    "artistName": "Da Hool",
    "segment": "Previously Active Listeners"
  },
  {
    "artistName": "Marshmello",
    "segment": "Previously Active Listeners"
  },
  {
    "artistName": "Young Dolph",
    "segment": "Previously Active Listeners"
  },
  {
    "artistName": "X Ambassadors",
    "segment": "Previously Active Listeners"
  },
  {
    "artistName": "Jimmy Barnes",
    "segment": "Previously Active Listeners"
  },
  {
    "artistName": "John Moreland",
    "segment": "Previously Active Listeners"
  },
  {
    "artistName": "Mr Twin Sister",
    "segment": "Previously Active Listeners"
  },
  {
    "artistName": "Still Woozy",
    "segment": "Light listeners"
  },
  {
    "artistName": "James Blake",
    "segment": "Previously Active Listeners"
  },
  {
    "artistName": "Netherworld",
    "segment": "Light listeners"
  },
  {
    "artistName": "Chris Stapleton",
    "segment": "Previously Active Listeners"
  },
  {
    "artistName": "Unknown Mortal Orchestra",
    "segment": "Previously Active Listeners"
  },
  {
    "artistName": "Σtella",
    "segment": "Previously Active Listeners"
  },
  {
    "artistName": "Mau P",
    "segment": "Light listeners"
  },
  {
    "artistName": "Farruko",
    "segment": "Previously Active Listeners"
  },
  {
    "artistName": "Cher",
    "segment": "Previously Active Listeners"
  },
  {
    "artistName": "Future",
    "segment": "Previously Active Listeners"
  },
  {
    "artistName": "PawPaw Rod",
    "segment": "Light listeners"
  },
  {
    "artistName": "Steve Lacy",
    "segment": "Light listeners"
  },
  {
    "artistName": "Bruce Reitherman",
    "segment": "Previously Active Listeners"
  },
  {
    "artistName": "Travis Scott",
    "segment": "Previously Active Listeners"
  },
  {
    "artistName": "Channel Tres",
    "segment": "Previously Active Listeners"
  },
  {
    "artistName": "Death by Denim",
    "segment": "Moderate listeners"
  },
  {
    "artistName": "piri & tommy",
    "segment": "Previously Active Listeners"
  },
  {
    "artistName": "Tom Petty",
    "segment": "Previously Active Listeners"
  },
  {
    "artistName": "Burna Boy",
    "segment": "Previously Active Listeners"
  },
  {
    "artistName": "Meek Mill",
    "segment": "Previously Active Listeners"
  },
  {
    "artistName": "Cardi B",
    "segment": "Previously Active Listeners"
  },
  {
    "artistName": "YoungBoy Never Broke Again",
    "segment": "Previously Active Listeners"
  },
  {
    "artistName": "Jaymes Young",
    "segment": "Previously Active Listeners"
  },
  {
    "artistName": "Circa Waves",
    "segment": "Previously Active Listeners"
  },
  {
    "artistName": "Men I Trust",
    "segment": "Previously Active Listeners"
  },
  {
    "artistName": "Kali Uchis",
    "segment": "Previously Active Listeners"
  },
  {
    "artistName": "Tame Impala",
    "segment": "Super Listeners"
  },
  {
    "artistName": "The Police",
    "segment": "Moderate listeners"
  },
  {
    "artistName": "David Nicholas",
    "segment": "Previously Active Listeners"
  },
  {
    "artistName": "America",
    "segment": "Previously Active Listeners"
  },
  {
    "artistName": "The Veronicas",
    "segment": "Previously Active Listeners"
  },
  {
    "artistName": "The Satts",
    "segment": "Light listeners"
  },
  {
    "artistName": "Robbie Williams",
    "segment": "Previously Active Listeners"
  },
  {
    "artistName": "Don Henley",
    "segment": "Moderate listeners"
  },
  {
    "artistName": "Bob Seger",
    "segment": "Moderate listeners"
  },
  {
    "artistName": "CRUSH3d",
    "segment": "Previously Active Listeners"
  },
  {
    "artistName": "Novo Amor",
    "segment": "Previously Active Listeners"
  },
  {
    "artistName": "DARGZ",
    "segment": "Previously Active Listeners"
  },
  {
    "artistName": "Ben E. King",
    "segment": "Previously Active Listeners"
  },
  {
    "artistName": "grentperez",
    "segment": "Previously Active Listeners"
  },
  {
    "artistName": "Yuran",
    "segment": "Previously Active Listeners"
  },
  {
    "artistName": "Eyedress",
    "segment": "Previously Active Listeners"
  },
  {
    "artistName": "Zach Gill",
    "segment": "Previously Active Listeners"
  },
  {
    "artistName": "Saba",
    "segment": "Previously Active Listeners"
  },
  {
    "artistName": "Gregory Alan Isakov",
    "segment": "Light listeners"
  },
  {
    "artistName": "Jimmy Eat World",
    "segment": "Previously Active Listeners"
  },
  {
    "artistName": "Aaron Frazer",
    "segment": "Previously Active Listeners"
  },
  {
    "artistName": "untrusted",
    "segment": "Previously Active Listeners"
  },
  {
    "artistName": "Good Neighbours",
    "segment": "Previously Active Listeners"
  },
  {
    "artistName": "The Pharcyde",
    "segment": "Previously Active Listeners"
  },
  {
    "artistName": "DARK MEAT UPC",
    "segment": "Previously Active Listeners"
  },
  {
    "artistName": "DJ Snake",
    "segment": "Previously Active Listeners"
  },
  {
    "artistName": "John Mayer",
    "segment": "Previously Active Listeners"
  },
  {
    "artistName": "ArrDee",
    "segment": "Previously Active Listeners"
  },
  {
    "artistName": "Kimbra",
    "segment": "Previously Active Listeners"
  },
  {
    "artistName": "The Doobie Brothers",
    "segment": "Moderate listeners"
  },
  {
    "artistName": "Keala Settle",
    "segment": "Previously Active Listeners"
  },
  {
    "artistName": "LF SYSTEM",
    "segment": "Previously Active Listeners"
  },
  {
    "artistName": "Rema",
    "segment": "Previously Active Listeners"
  },
  {
    "artistName": "Sabrina Carpenter",
    "segment": "Previously Active Listeners"
  },
  {
    "artistName": "Cigarettes After Sex",
    "segment": "Previously Active Listeners"
  },
  {
    "artistName": "A-Trak",
    "segment": "Previously Active Listeners"
  },
  {
    "artistName": "Lupe Fiasco",
    "segment": "Previously Active Listeners"
  },
  {
    "artistName": "Chris Lake",
    "segment": "Previously Active Listeners"
  },
  {
    "artistName": "Chance the Rapper",
    "segment": "Previously Active Listeners"
  },
  {
    "artistName": "Sufjan Stevens",
    "segment": "Previously Active Listeners"
  },
  {
    "artistName": "RAYE",
    "segment": "Previously Active Listeners"
  },
  {
    "artistName": "Durand Jones",
    "segment": "Previously Active Listeners"
  },
  {
    "artistName": "Tinashe",
    "segment": "Previously Active Listeners"
  },
  {
    "artistName": "Kaleena Zanders",
    "segment": "Light listeners"
  },
  {
    "artistName": "Felguk",
    "segment": "Previously Active Listeners"
  },
  {
    "artistName": "Juicy Romance",
    "segment": "Previously Active Listeners"
  },
  {
    "artistName": "La Bouche",
    "segment": "Previously Active Listeners"
  },
  {
    "artistName": "Raffaella",
    "segment": "Previously Active Listeners"
  },
  {
    "artistName": "The Chats",
    "segment": "Previously Active Listeners"
  },
  {
    "artistName": "Pop Smoke",
    "segment": "Previously Active Listeners"
  },
  {
    "artistName": "Teqkoi",
    "segment": "Previously Active Listeners"
  },
  {
    "artistName": "Maggie Rogers",
    "segment": "Previously Active Listeners"
  },
  {
    "artistName": "Notnice",
    "segment": "Previously Active Listeners"
  },
  {
    "artistName": "La Roux",
    "segment": "Previously Active Listeners"
  },
  {
    "artistName": "49th & Main",
    "segment": "Previously Active Listeners"
  },
  {
    "artistName": "SLIM JIMZ",
    "segment": "Previously Active Listeners"
  },
  {
    "artistName": "Silverchair",
    "segment": "Previously Active Listeners"
  },
  {
    "artistName": "LEISURE",
    "segment": "Light listeners"
  },
  {
    "artistName": "Coyote Theory",
    "segment": "Previously Active Listeners"
  },
  {
    "artistName": "Major Lazer",
    "segment": "Previously Active Listeners"
  },
  {
    "artistName": "Johnny Cash",
    "segment": "Previously Active Listeners"
  },
  {
    "artistName": "THE ANXIETY",
    "segment": "Previously Active Listeners"
  },
  {
    "artistName": "Fin Argus",
    "segment": "Previously Active Listeners"
  },
  {
    "artistName": "Showtek",
    "segment": "Previously Active Listeners"
  },
  {
    "artistName": "Auli'i Cravalho",
    "segment": "Previously Active Listeners"
  },
  {
    "artistName": "InntRaw",
    "segment": "Light listeners"
  },
  {
    "artistName": "The Rolling Stones",
    "segment": "Super Listeners"
  },
  {
    "artistName": "Florence Welch",
    "segment": "Previously Active Listeners"
  },
  {
    "artistName": "Cults",
    "segment": "Previously Active Listeners"
  },
  {
    "artistName": "The Chainsmokers",
    "segment": "Previously Active Listeners"
  },
  {
    "artistName": "Aminé",
    "segment": "Previously Active Listeners"
  },
  {
    "artistName": "*NSYNC",
    "segment": "Previously Active Listeners"
  },
  {
    "artistName": "The Doors",
    "segment": "Previously Active Listeners"
  },
  {
    "artistName": "Justice Crew",
    "segment": "Previously Active Listeners"
  },
  {
    "artistName": "Muroki",
    "segment": "Previously Active Listeners"
  },
  {
    "artistName": "STONE",
    "segment": "Light listeners"
  },
  {
    "artistName": "Janet Jackson",
    "segment": "Light listeners"
  },
  {
    "artistName": "Anarbor",
    "segment": "Previously Active Listeners"
  },
  {
    "artistName": "Ecca Vandal",
    "segment": "Previously Active Listeners"
  },
  {
    "artistName": "The B-52's",
    "segment": "Previously Active Listeners"
  },
  {
    "artistName": "Sun Casino",
    "segment": "Previously Active Listeners"
  },
  {
    "artistName": "Jadu Heart",
    "segment": "Previously Active Listeners"
  },
  {
    "artistName": "FIFTY FIFTY",
    "segment": "Previously Active Listeners"
  },
  {
    "artistName": "George Strait",
    "segment": "Previously Active Listeners"
  },
  {
    "artistName": "Plastic Bertrand",
    "segment": "Previously Active Listeners"
  },
  {
    "artistName": "Charlie Puth",
    "segment": "Previously Active Listeners"
  },
  {
    "artistName": "Bill Withers",
    "segment": "Previously Active Listeners"
  },
  {
    "artistName": "Jordin Sparks",
    "segment": "Previously Active Listeners"
  },
  {
    "artistName": "StaySolidRocky",
    "segment": "Previously Active Listeners"
  },
  {
    "artistName": "Nujabes",
    "segment": "Previously Active Listeners"
  },
  {
    "artistName": "sophie meiers",
    "segment": "Previously Active Listeners"
  },
  {
    "artistName": "Rick Ross",
    "segment": "Previously Active Listeners"
  },
  {
    "artistName": "Bazanji",
    "segment": "Previously Active Listeners"
  },
  {
    "artistName": "Fireboy DML",
    "segment": "Previously Active Listeners"
  },
  {
    "artistName": "Tom Petty and the Heartbreakers",
    "segment": "Moderate listeners"
  },
  {
    "artistName": "Alex & Sierra",
    "segment": "Previously Active Listeners"
  },
  {
    "artistName": "Gucci Mane",
    "segment": "Previously Active Listeners"
  },
  {
    "artistName": "Anderson .Paak",
    "segment": "Previously Active Listeners"
  },
  {
    "artistName": "Y2K",
    "segment": "Previously Active Listeners"
  },
  {
    "artistName": "Common Saints",
    "segment": "Previously Active Listeners"
  },
  {
    "artistName": "Basco",
    "segment": "Previously Active Listeners"
  },
  {
    "artistName": "Daily J",
    "segment": "Moderate listeners"
  },
  {
    "artistName": "Frankie Valli",
    "segment": "Moderate listeners"
  },
  {
    "artistName": "OneRepublic",
    "segment": "Previously Active Listeners"
  },
  {
    "artistName": "Kristen Bell",
    "segment": "Previously Active Listeners"
  },
  {
    "artistName": "Jess Glynne",
    "segment": "Previously Active Listeners"
  },
  {
    "artistName": "Jason Mraz",
    "segment": "Previously Active Listeners"
  },
  {
    "artistName": "Creed",
    "segment": "Previously Active Listeners"
  },
  {
    "artistName": "Hilltop Hoods",
    "segment": "Light listeners"
  },
  {
    "artistName": "Jack Johnson",
    "segment": "Light listeners"
  },
  {
    "artistName": "FARR",
    "segment": "Previously Active Listeners"
  },
  {
    "artistName": "BROCKHAMPTON",
    "segment": "Previously Active Listeners"
  },
  {
    "artistName": "JP Plunier",
    "segment": "Previously Active Listeners"
  },
  {
    "artistName": "BHZ",
    "segment": "Light listeners"
  },
  {
    "artistName": "Genesis",
    "segment": "Previously Active Listeners"
  },
  {
    "artistName": "Mike Perry",
    "segment": "Previously Active Listeners"
  },
  {
    "artistName": "Usual Suspecktz",
    "segment": "Previously Active Listeners"
  },
  {
    "artistName": "Gnarls Barkley",
    "segment": "Previously Active Listeners"
  },
  {
    "artistName": "T-Pain",
    "segment": "Previously Active Listeners"
  },
  {
    "artistName": "d4vd",
    "segment": "Light listeners"
  },
  {
    "artistName": "Guy Sebastian",
    "segment": "Previously Active Listeners"
  },
  {
    "artistName": "Iggy Pop",
    "segment": "Previously Active Listeners"
  },
  {
    "artistName": "TOTO",
    "segment": "Previously Active Listeners"
  },
  {
    "artistName": "Trista",
    "segment": "Previously Active Listeners"
  },
  {
    "artistName": "Shag Rock",
    "segment": "Moderate listeners"
  },
  {
    "artistName": "Bebe Rexha",
    "segment": "Previously Active Listeners"
  },
  {
    "artistName": "The Head And The Heart",
    "segment": "Previously Active Listeners"
  },
  {
    "artistName": "GEE LEE",
    "segment": "Previously Active Listeners"
  },
  {
    "artistName": "bbno$",
    "segment": "Previously Active Listeners"
  },
  {
    "artistName": "Grover Washington, Jr.",
    "segment": "Previously Active Listeners"
  },
  {
    "artistName": "okaywill",
    "segment": "Previously Active Listeners"
  },
  {
    "artistName": "Of Monsters and Men",
    "segment": "Light listeners"
  },
  {
    "artistName": "Eurythmics",
    "segment": "Previously Active Listeners"
  },
  {
    "artistName": "Doechii",
    "segment": "Previously Active Listeners"
  },
  {
    "artistName": "Flume",
    "segment": "Light listeners"
  },
  {
    "artistName": "mgk",
    "segment": "Previously Active Listeners"
  },
  {
    "artistName": "Michael Gray",
    "segment": "Previously Active Listeners"
  },
  {
    "artistName": "Gotye",
    "segment": "Previously Active Listeners"
  },
  {
    "artistName": "Lyle Lovett",
    "segment": "Previously Active Listeners"
  },
  {
    "artistName": "Cavetown",
    "segment": "Previously Active Listeners"
  },
  {
    "artistName": "Kah-Lo",
    "segment": "Previously Active Listeners"
  },
  {
    "artistName": "Edith Whiskers",
    "segment": "Previously Active Listeners"
  },
  {
    "artistName": "Powderfinger",
    "segment": "Previously Active Listeners"
  },
  {
    "artistName": "Travis Barker",
    "segment": "Previously Active Listeners"
  },
  {
    "artistName": "Smooth Touch",
    "segment": "Previously Active Listeners"
  },
  {
    "artistName": "L'Impératrice",
    "segment": "Previously Active Listeners"
  },
  {
    "artistName": "Bootsy Collins",
    "segment": "Previously Active Listeners"
  },
  {
    "artistName": "SZA",
    "segment": "Previously Active Listeners"
  },
  {
    "artistName": "NAV",
    "segment": "Previously Active Listeners"
  },
  {
    "artistName": "Esbe",
    "segment": "Previously Active Listeners"
  },
  {
    "artistName": "Bon Iver",
    "segment": "Previously Active Listeners"
  },
  {
    "artistName": "Palace",
    "segment": "Moderate listeners"
  },
  {
    "artistName": "Calboy",
    "segment": "Previously Active Listeners"
  },
  {
    "artistName": "French Montana",
    "segment": "Previously Active Listeners"
  },
  {
    "artistName": "naomi & goro",
    "segment": "Previously Active Listeners"
  },
  {
    "artistName": "Eem Triplin",
    "segment": "Previously Active Listeners"
  },
  {
    "artistName": "Dean Lewis",
    "segment": "Previously Active Listeners"
  },
  {
    "artistName": "KESHORE",
    "segment": "Previously Active Listeners"
  },
  {
    "artistName": "Arlo Mac",
    "segment": "Previously Active Listeners"
  },
  {
    "artistName": "Dear Sunday",
    "segment": "Moderate listeners"
  },
  {
    "artistName": "Hozier",
    "segment": "Previously Active Listeners"
  },
  {
    "artistName": "Sade",
    "segment": "Light listeners"
  },
  {
    "artistName": "Coldplay",
    "segment": "Previously Active Listeners"
  },
  {
    "artistName": "Biig Piig",
    "segment": "Previously Active Listeners"
  },
  {
    "artistName": "Letters to Lions",
    "segment": "Light listeners"
  },
  {
    "artistName": "SAULT",
    "segment": "Light listeners"
  },
  {
    "artistName": "Old Mervs",
    "segment": "Moderate listeners"
  },
  {
    "artistName": "Ed Sheeran",
    "segment": "Previously Active Listeners"
  },
  {
    "artistName": "R. City",
    "segment": "Previously Active Listeners"
  },
  {
    "artistName": "GELO",
    "segment": "Previously Active Listeners"
  },
  {
    "artistName": "Dana Williams",
    "segment": "Previously Active Listeners"
  },
  {
    "artistName": "Jack Harlow",
    "segment": "Previously Active Listeners"
  },
  {
    "artistName": "Madeline The Person",
    "segment": "Previously Active Listeners"
  },
  {
    "artistName": "Yeah Yeah Yeahs",
    "segment": "Previously Active Listeners"
  },
  {
    "artistName": "Jaden Bojsen",
    "segment": "Previously Active Listeners"
  },
  {
    "artistName": "Post Malone",
    "segment": "Previously Active Listeners"
  },
  {
    "artistName": "Yoko Takahashi",
    "segment": "Previously Active Listeners"
  },
  {
    "artistName": "Sérgio Mendes",
    "segment": "Previously Active Listeners"
  },
  {
    "artistName": "Louis Prima",
    "segment": "Previously Active Listeners"
  },
  {
    "artistName": "Illy",
    "segment": "Previously Active Listeners"
  },
  {
    "artistName": "The Rions",
    "segment": "Previously Active Listeners"
  },
  {
    "artistName": "Noah Kahan",
    "segment": "Super Listeners"
  },
  {
    "artistName": "Carly Rae Jepsen",
    "segment": "Previously Active Listeners"
  },
  {
    "artistName": "Social House",
    "segment": "Light listeners"
  },
  {
    "artistName": "SadBoyProlific",
    "segment": "Previously Active Listeners"
  },
  {
    "artistName": "Eagles",
    "segment": "Super Listeners"
  },
  {
    "artistName": "Jamy Nox",
    "segment": "Previously Active Listeners"
  },
  {
    "artistName": "Rucka Rucka Ali",
    "segment": "Previously Active Listeners"
  },
  {
    "artistName": "Khalid",
    "segment": "Previously Active Listeners"
  },
  {
    "artistName": "Wu-Tang Clan",
    "segment": "Previously Active Listeners"
  },
  {
    "artistName": "Sango",
    "segment": "Previously Active Listeners"
  },
  {
    "artistName": "NEIKED",
    "segment": "Previously Active Listeners"
  },
  {
    "artistName": "girl in red",
    "segment": "Previously Active Listeners"
  },
  {
    "artistName": "Sante Sansone",
    "segment": "Previously Active Listeners"
  },
  {
    "artistName": "Blood Orange",
    "segment": "Previously Active Listeners"
  },
  {
    "artistName": "Labrinth",
    "segment": "Previously Active Listeners"
  },
  {
    "artistName": "Black Eyed Peas",
    "segment": "Previously Active Listeners"
  },
  {
    "artistName": "Hit The Button Karaoke",
    "segment": "Previously Active Listeners"
  },
  {
    "artistName": "Crowded House",
    "segment": "Previously Active Listeners"
  },
  {
    "artistName": "Avicii",
    "segment": "Previously Active Listeners"
  },
  {
    "artistName": "Vanessa Da Mata",
    "segment": "Previously Active Listeners"
  },
  {
    "artistName": "Rush",
    "segment": "Previously Active Listeners"
  },
  {
    "artistName": "Mae Muller",
    "segment": "Previously Active Listeners"
  },
  {
    "artistName": "Biz Markie",
    "segment": "Previously Active Listeners"
  },
  {
    "artistName": "Sonique",
    "segment": "Previously Active Listeners"
  },
  {
    "artistName": "Baby Keem",
    "segment": "Previously Active Listeners"
  },
  {
    "artistName": "Swae Lee",
    "segment": "Previously Active Listeners"
  },
  {
    "artistName": "Monk",
    "segment": "Light listeners"
  },
  {
    "artistName": "Arctic Monkeys",
    "segment": "Moderate listeners"
  },
  {
    "artistName": "Don Toliver",
    "segment": "Previously Active Listeners"
  },
  {
    "artistName": "Tove Lo",
    "segment": "Previously Active Listeners"
  },
  {
    "artistName": "Fugees",
    "segment": "Previously Active Listeners"
  },
  {
    "artistName": "NOJO",
    "segment": "Light listeners"
  },
  {
    "artistName": "Chase & Status",
    "segment": "Previously Active Listeners"
  },
  {
    "artistName": "Tate McRae",
    "segment": "Previously Active Listeners"
  },
  {
    "artistName": "The Undercover Dream Lovers",
    "segment": "Previously Active Listeners"
  },
  {
    "artistName": "Hedex",
    "segment": "Previously Active Listeners"
  },
  {
    "artistName": "Julinho Ksd",
    "segment": "Previously Active Listeners"
  },
  {
    "artistName": "The Fray",
    "segment": "Light listeners"
  },
  {
    "artistName": "Cage The Elephant",
    "segment": "Light listeners"
  },
  {
    "artistName": "Daya",
    "segment": "Previously Active Listeners"
  },
  {
    "artistName": "Bakar",
    "segment": "Previously Active Listeners"
  },
  {
    "artistName": "Doja Cat",
    "segment": "Previously Active Listeners"
  },
  {
    "artistName": "Beach Weather",
    "segment": "Light listeners"
  },
  {
    "artistName": "Gigi Perez",
    "segment": "Previously Active Listeners"
  },
  {
    "artistName": "Dora Jar",
    "segment": "Previously Active Listeners"
  },
  {
    "artistName": "Vika Jigulina",
    "segment": "Light listeners"
  },
  {
    "artistName": "Jon Hopkins",
    "segment": "Previously Active Listeners"
  },
  {
    "artistName": "The Walters",
    "segment": "Previously Active Listeners"
  },
  {
    "artistName": "Olivia Rodrigo",
    "segment": "Light listeners"
  },
  {
    "artistName": "The Kooks",
    "segment": "Previously Active Listeners"
  },
  {
    "artistName": "Santino Fontana",
    "segment": "Previously Active Listeners"
  },
  {
    "artistName": "Will Sparks",
    "segment": "Previously Active Listeners"
  },
  {
    "artistName": "Norah Jones",
    "segment": "Previously Active Listeners"
  },
  {
    "artistName": "M-Beat",
    "segment": "Previously Active Listeners"
  },
  {
    "artistName": "The Marshall Tucker Band",
    "segment": "Moderate listeners"
  },
  {
    "artistName": "Charles Wesley Godwin",
    "segment": "Previously Active Listeners"
  },
  {
    "artistName": "Internet Money",
    "segment": "Previously Active Listeners"
  },
  {
    "artistName": "Stevie Nicks",
    "segment": "Moderate listeners"
  },
  {
    "artistName": "Benson Boone",
    "segment": "Previously Active Listeners"
  },
  {
    "artistName": "Central Cee",
    "segment": "Previously Active Listeners"
  },
  {
    "artistName": "A Boogie Wit da Hoodie",
    "segment": "Previously Active Listeners"
  },
  {
    "artistName": "Nina Nesbitt",
    "segment": "Light listeners"
  },
  {
    "artistName": "Blur",
    "segment": "Previously Active Listeners"
  },
  {
    "artistName": "Blueface",
    "segment": "Previously Active Listeners"
  },
  {
    "artistName": "Tyler Cole",
    "segment": "Previously Active Listeners"
  },
  {
    "artistName": "Miley Cyrus",
    "segment": "Previously Active Listeners"
  },
  {
    "artistName": "Clairo",
    "segment": "Previously Active Listeners"
  },
  {
    "artistName": "Nigel Hall",
    "segment": "Previously Active Listeners"
  },
  {
    "artistName": "Paul McCartney",
    "segment": "Moderate listeners"
  },
  {
    "artistName": "James Bay",
    "segment": "Previously Active Listeners"
  },
  {
    "artistName": "Ruth B.",
    "segment": "Previously Active Listeners"
  },
  {
    "artistName": "Clean Bandit",
    "segment": "Previously Active Listeners"
  },
  {
    "artistName": "Disclosure",
    "segment": "Previously Active Listeners"
  },
  {
    "artistName": "Die Antwoord",
    "segment": "Previously Active Listeners"
  },
  {
    "artistName": "Swedish House Mafia",
    "segment": "Previously Active Listeners"
  },
  {
    "artistName": "Ryan Lewis",
    "segment": "Previously Active Listeners"
  },
  {
    "artistName": "Dabeull",
    "segment": "Light listeners"
  },
  {
    "artistName": "Sheppard",
    "segment": "Previously Active Listeners"
  },
  {
    "artistName": "Tom Novy",
    "segment": "Previously Active Listeners"
  },
  {
    "artistName": "Paul Kelly",
    "segment": "Previously Active Listeners"
  },
  {
    "artistName": "Phoebe Killdeer",
    "segment": "Previously Active Listeners"
  },
  {
    "artistName": "Lee \"Scratch\" Perry",
    "segment": "Previously Active Listeners"
  },
  {
    "artistName": "Smash Mouth",
    "segment": "Previously Active Listeners"
  },
  {
    "artistName": "Rudimental",
    "segment": "Previously Active Listeners"
  },
  {
    "artistName": "Edward Maya",
    "segment": "Light listeners"
  },
  {
    "artistName": "Dire Straits",
    "segment": "Moderate listeners"
  },
  {
    "artistName": "Lily Allen",
    "segment": "Previously Active Listeners"
  },
  {
    "artistName": "Artemas",
    "segment": "Previously Active Listeners"
  },
  {
    "artistName": "JID",
    "segment": "Previously Active Listeners"
  },
  {
    "artistName": "B.o.B",
    "segment": "Previously Active Listeners"
  },
  {
    "artistName": "Oppidan",
    "segment": "Previously Active Listeners"
  },
  {
    "artistName": "Oracle Sisters",
    "segment": "Previously Active Listeners"
  },
  {
    "artistName": "Modjo",
    "segment": "Previously Active Listeners"
  },
  {
    "artistName": "Skegss",
    "segment": "Previously Active Listeners"
  },
  {
    "artistName": "flowerovlove",
    "segment": "Previously Active Listeners"
  },
  {
    "artistName": "The Zombies",
    "segment": "Moderate listeners"
  },
  {
    "artistName": "Fleetwood Mac",
    "segment": "Super Listeners"
  },
  {
    "artistName": "Seven Lions",
    "segment": "Previously Active Listeners"
  },
  {
    "artistName": "MC Saci",
    "segment": "Previously Active Listeners"
  }
]