[
  {
    "platform" : "",
    "searchTime" : "2025-04-03T20:10:44.421Z[UTC]",
    "searchQuery" : "ka",
    "searchInteractionURIs" : [
    ]
  },
  {
    "platform" : "",
    "searchTime" : "2025-04-03T20:10:44.487Z[UTC]",
    "searchQuery" : "ka",
    "searchInteractionURIs" : [
    ]
  },
  {
    "platform" : "",
    "searchTime" : "2025-04-03T20:10:48.084Z[UTC]",
    "searchQuery" : "kai.pabl",
    "searchInteractionURIs" : [
    ]
  },
  {
    "platform" : "",
    "searchTime" : "2025-04-03T20:10:48.099Z[UTC]",
    "searchQuery" : "kai.pabl",
    "searchInteractionURIs" : [
    ]
  },
  {
    "platform" : "IPHONE",
    "searchTime" : "2025-04-03T20:10:52.999Z[UTC]",
    "searchQuery" : "kai.pablito",
    "searchInteractionURIs" : [
      "spotify:user:20dqwlhzy6p2a6yn6oxjit8j4"
    ]
  },
  {
    "platform" : "IPHONE",
    "searchTime" : "2025-04-03T20:11:36.761Z[UTC]",
    "searchQuery" : "love afte",
    "searchInteractionURIs" : [
      "spotify:track:2goLsvvODILDzeeiT4dAoR"
    ]
  },
  {
    "platform" : "IPHONE",
    "searchTime" : "2025-04-03T20:26:41.647Z[UTC]",
    "searchQuery" : "fisher",
    "searchInteractionURIs" : [
      "spotify:artist:1VJ0briNOlXRtJUAzoUJdt"
    ]
  },
  {
    "platform" : "",
    "searchTime" : "2025-04-03T21:12:06.001Z[UTC]",
    "searchQuery" : "fisher",
    "searchInteractionURIs" : [
    ]
  },
  {
    "platform" : "",
    "searchTime" : "2025-04-03T21:12:06.074Z[UTC]",
    "searchQuery" : "fisher",
    "searchInteractionURIs" : [
    ]
  },
  {
    "platform" : "",
    "searchTime" : "2025-04-03T21:21:57.388Z[UTC]",
    "searchQuery" : "ke",
    "searchInteractionURIs" : [
    ]
  },
  {
    "platform" : "",
    "searchTime" : "2025-04-03T21:21:57.456Z[UTC]",
    "searchQuery" : "ke",
    "searchInteractionURIs" : [
    ]
  },
  {
    "platform" : "IPHONE",
    "searchTime" : "2025-04-03T21:21:57.797Z[UTC]",
    "searchQuery" : "kett",
    "searchInteractionURIs" : [
      "spotify:artist:3an9rnsXKPCAMlZgH4A0n4"
    ]
  },
  {
    "platform" : "",
    "searchTime" : "2025-04-06T18:10:13.070Z[UTC]",
    "searchQuery" : "m",
    "searchInteractionURIs" : [
    ]
  },
  {
    "platform" : "",
    "searchTime" : "2025-04-06T18:10:13.075Z[UTC]",
    "searchQuery" : "mal",
    "searchInteractionURIs" : [
    ]
  },
  {
    "platform" : "",
    "searchTime" : "2025-04-06T18:10:13.081Z[UTC]",
    "searchQuery" : "mall",
    "searchInteractionURIs" : [
    ]
  },
  {
    "platform" : "",
    "searchTime" : "2025-04-06T18:10:13.085Z[UTC]",
    "searchQuery" : "mallg",
    "searchInteractionURIs" : [
    ]
  },
  {
    "platform" : "",
    "searchTime" : "2025-04-06T18:10:13.096Z[UTC]",
    "searchQuery" : "mallgr",
    "searchInteractionURIs" : [
    ]
  },
  {
    "platform" : "",
    "searchTime" : "2025-04-06T18:10:13.137Z[UTC]",
    "searchQuery" : "m",
    "searchInteractionURIs" : [
    ]
  },
  {
    "platform" : "",
    "searchTime" : "2025-04-06T18:10:13.141Z[UTC]",
    "searchQuery" : "mal",
    "searchInteractionURIs" : [
    ]
  },
  {
    "platform" : "",
    "searchTime" : "2025-04-06T18:10:13.162Z[UTC]",
    "searchQuery" : "mallg",
    "searchInteractionURIs" : [
    ]
  },
  {
    "platform" : "",
    "searchTime" : "2025-04-06T18:10:13.172Z[UTC]",
    "searchQuery" : "mall",
    "searchInteractionURIs" : [
    ]
  },
  {
    "platform" : "",
    "searchTime" : "2025-04-06T18:10:13.179Z[UTC]",
    "searchQuery" : "mallgr",
    "searchInteractionURIs" : [
    ]
  },
  {
    "platform" : "",
    "searchTime" : "2025-04-06T18:10:13.182Z[UTC]",
    "searchQuery" : "mall gr",
    "searchInteractionURIs" : [
    ]
  },
  {
    "platform" : "IPHONE",
    "searchTime" : "2025-04-06T18:10:13.784Z[UTC]",
    "searchQuery" : "mallgrab",
    "searchInteractionURIs" : [
      "spotify:artist:7yF6JnFPDzgml2Ytkyl5D7"
    ]
  },
  {
    "platform" : "",
    "searchTime" : "2025-04-06T18:10:34.822Z[UTC]",
    "searchQuery" : "s",
    "searchInteractionURIs" : [
    ]
  },
  {
    "platform" : "",
    "searchTime" : "2025-04-06T18:10:34.894Z[UTC]",
    "searchQuery" : "s",
    "searchInteractionURIs" : [
    ]
  },
  {
    "platform" : "",
    "searchTime" : "2025-04-06T18:10:35.080Z[UTC]",
    "searchQuery" : "sa",
    "searchInteractionURIs" : [
    ]
  },
  {
    "platform" : "",
    "searchTime" : "2025-04-06T18:10:35.117Z[UTC]",
    "searchQuery" : "sam",
    "searchInteractionURIs" : [
    ]
  },
  {
    "platform" : "",
    "searchTime" : "2025-04-06T18:10:35.154Z[UTC]",
    "searchQuery" : "sa",
    "searchInteractionURIs" : [
    ]
  },
  {
    "platform" : "",
    "searchTime" : "2025-04-06T18:10:35.192Z[UTC]",
    "searchQuery" : "sam",
    "searchInteractionURIs" : [
    ]
  },
  {
    "platform" : "",
    "searchTime" : "2025-04-06T18:10:38.004Z[UTC]",
    "searchQuery" : "sam a",
    "searchInteractionURIs" : [
    ]
  },
  {
    "platform" : "",
    "searchTime" : "2025-04-06T18:10:38.018Z[UTC]",
    "searchQuery" : "sam ",
    "searchInteractionURIs" : [
    ]
  },
  {
    "platform" : "",
    "searchTime" : "2025-04-06T18:10:38.062Z[UTC]",
    "searchQuery" : "sam al",
    "searchInteractionURIs" : [
    ]
  },
  {
    "platform" : "",
    "searchTime" : "2025-04-06T18:10:38.067Z[UTC]",
    "searchQuery" : "sam a",
    "searchInteractionURIs" : [
    ]
  },
  {
    "platform" : "",
    "searchTime" : "2025-04-06T18:10:38.074Z[UTC]",
    "searchQuery" : "sam ",
    "searchInteractionURIs" : [
    ]
  },
  {
    "platform" : "",
    "searchTime" : "2025-04-06T18:10:38.135Z[UTC]",
    "searchQuery" : "sam al",
    "searchInteractionURIs" : [
    ]
  },
  {
    "platform" : "",
    "searchTime" : "2025-04-06T18:10:38.285Z[UTC]",
    "searchQuery" : "sam alf",
    "searchInteractionURIs" : [
    ]
  },
  {
    "platform" : "",
    "searchTime" : "2025-04-06T18:10:38.344Z[UTC]",
    "searchQuery" : "sam alf",
    "searchInteractionURIs" : [
    ]
  },
  {
    "platform" : "",
    "searchTime" : "2025-04-06T18:10:38.672Z[UTC]",
    "searchQuery" : "sam alfr",
    "searchInteractionURIs" : [
    ]
  },
  {
    "platform" : "",
    "searchTime" : "2025-04-06T18:10:38.747Z[UTC]",
    "searchQuery" : "sam alfr",
    "searchInteractionURIs" : [
    ]
  },
  {
    "platform" : "",
    "searchTime" : "2025-04-06T18:10:38.764Z[UTC]",
    "searchQuery" : "sam alfre",
    "searchInteractionURIs" : [
    ]
  },
  {
    "platform" : "",
    "searchTime" : "2025-04-06T18:10:38.828Z[UTC]",
    "searchQuery" : "sam alfre",
    "searchInteractionURIs" : [
    ]
  },
  {
    "platform" : "",
    "searchTime" : "2025-04-06T18:10:39.026Z[UTC]",
    "searchQuery" : "sam alfred",
    "searchInteractionURIs" : [
    ]
  },
  {
    "platform" : "",
    "searchTime" : "2025-04-06T18:10:39.086Z[UTC]",
    "searchQuery" : "sam alfred",
    "searchInteractionURIs" : [
    ]
  },
  {
    "platform" : "",
    "searchTime" : "2025-04-10T22:03:45.335Z[UTC]",
    "searchQuery" : "lebro",
    "searchInteractionURIs" : [
    ]
  },
  {
    "platform" : "",
    "searchTime" : "2025-04-10T22:03:45.411Z[UTC]",
    "searchQuery" : "lebro",
    "searchInteractionURIs" : [
    ]
  },
  {
    "platform" : "IPHONE",
    "searchTime" : "2025-04-10T22:03:45.697Z[UTC]",
    "searchQuery" : "lebron",
    "searchInteractionURIs" : [
      "spotify:playlist:3i3c9CQEyhsKo2CjUCASl9",
      "spotify:playlist:3i3c9CQEyhsKo2CjUCASl9",
      "spotify:track:3doVZI24VAUTrXWDTbPTl6"
    ]
  },
  {
    "platform" : "",
    "searchTime" : "2025-04-10T22:11:44.107Z[UTC]",
    "searchQuery" : "le",
    "searchInteractionURIs" : [
    ]
  },
  {
    "platform" : "",
    "searchTime" : "2025-04-10T22:11:44.177Z[UTC]",
    "searchQuery" : "le",
    "searchInteractionURIs" : [
    ]
  },
  {
    "platform" : "",
    "searchTime" : "2025-04-10T22:11:52.786Z[UTC]",
    "searchQuery" : "lebron bohemi",
    "searchInteractionURIs" : [
    ]
  },
  {
    "platform" : "",
    "searchTime" : "2025-04-10T22:11:52.806Z[UTC]",
    "searchQuery" : "lebron bohemi",
    "searchInteractionURIs" : [
    ]
  },
  {
    "platform" : "",
    "searchTime" : "2025-04-10T22:14:46.796Z[UTC]",
    "searchQuery" : "le",
    "searchInteractionURIs" : [
    ]
  },
  {
    "platform" : "",
    "searchTime" : "2025-04-10T22:14:46.855Z[UTC]",
    "searchQuery" : "le",
    "searchInteractionURIs" : [
    ]
  },
  {
    "platform" : "",
    "searchTime" : "2025-04-10T22:14:47.478Z[UTC]",
    "searchQuery" : "lebron s",
    "searchInteractionURIs" : [
    ]
  },
  {
    "platform" : "",
    "searchTime" : "2025-04-10T22:14:47.554Z[UTC]",
    "searchQuery" : "lebron s",
    "searchInteractionURIs" : [
    ]
  },
  {
    "platform" : "IPHONE",
    "searchTime" : "2025-04-10T22:14:48.363Z[UTC]",
    "searchQuery" : "lebron songs",
    "searchInteractionURIs" : [
      "spotify:playlist:3NPFPmorJQcOWhQEydFHF8"
    ]
  },
  {
    "platform" : "",
    "searchTime" : "2025-04-10T22:22:28.964Z[UTC]",
    "searchQuery" : "lebron",
    "searchInteractionURIs" : [
    ]
  },
  {
    "platform" : "",
    "searchTime" : "2025-04-10T22:22:28.966Z[UTC]",
    "searchQuery" : "lebro",
    "searchInteractionURIs" : [
    ]
  },
  {
    "platform" : "",
    "searchTime" : "2025-04-10T22:22:29.200Z[UTC]",
    "searchQuery" : "lebron",
    "searchInteractionURIs" : [
    ]
  },
  {
    "platform" : "WIN32_X86_64",
    "searchTime" : "2025-04-10T22:22:29.318Z[UTC]",
    "searchQuery" : "lebro",
    "searchInteractionURIs" : [
    ]
  },
  {
    "platform" : "",
    "searchTime" : "2025-04-10T22:37:09.866Z[UTC]",
    "searchQuery" : "flight",
    "searchInteractionURIs" : [
    ]
  },
  {
    "platform" : "",
    "searchTime" : "2025-04-10T22:37:10.129Z[UTC]",
    "searchQuery" : "flight",
    "searchInteractionURIs" : [
    ]
  },
  {
    "platform" : "",
    "searchTime" : "2025-04-10T22:37:11.343Z[UTC]",
    "searchQuery" : "flight ",
    "searchInteractionURIs" : [
    ]
  },
  {
    "platform" : "WIN32_X86_64",
    "searchTime" : "2025-04-10T22:37:11.684Z[UTC]",
    "searchQuery" : "flight ",
    "searchInteractionURIs" : [
    ]
  },
  {
    "platform" : "",
    "searchTime" : "2025-04-10T22:37:12.471Z[UTC]",
    "searchQuery" : "flight2",
    "searchInteractionURIs" : [
    ]
  },
  {
    "platform" : "",
    "searchTime" : "2025-04-10T22:37:12.793Z[UTC]",
    "searchQuery" : "flight2",
    "searchInteractionURIs" : [
    ]
  },
  {
    "platform" : "",
    "searchTime" : "2025-04-10T22:37:12.958Z[UTC]",
    "searchQuery" : "flight2wh",
    "searchInteractionURIs" : [
    ]
  },
  {
    "platform" : "",
    "searchTime" : "2025-04-10T22:37:13.252Z[UTC]",
    "searchQuery" : "flight2wh",
    "searchInteractionURIs" : [
    ]
  },
  {
    "platform" : "",
    "searchTime" : "2025-04-10T22:37:15.301Z[UTC]",
    "searchQuery" : "flight2w",
    "searchInteractionURIs" : [
    ]
  },
  {
    "platform" : "WIN32_X86_64",
    "searchTime" : "2025-04-10T22:37:15.638Z[UTC]",
    "searchQuery" : "flight2w",
    "searchInteractionURIs" : [
    ]
  },
  {
    "platform" : "",
    "searchTime" : "2025-04-10T22:37:23.596Z[UTC]",
    "searchQuery" : "flight too",
    "searchInteractionURIs" : [
    ]
  },
  {
    "platform" : "",
    "searchTime" : "2025-04-10T22:37:23.900Z[UTC]",
    "searchQuery" : "flight too",
    "searchInteractionURIs" : [
    ]
  },
  {
    "platform" : "",
    "searchTime" : "2025-04-10T22:37:24.342Z[UTC]",
    "searchQuery" : "flight too whit",
    "searchInteractionURIs" : [
    ]
  },
  {
    "platform" : "",
    "searchTime" : "2025-04-10T22:37:24.617Z[UTC]",
    "searchQuery" : "flight too whit",
    "searchInteractionURIs" : [
    ]
  },
  {
    "platform" : "",
    "searchTime" : "2025-04-10T22:37:24.725Z[UTC]",
    "searchQuery" : "flight too white",
    "searchInteractionURIs" : [
    ]
  },
  {
    "platform" : "",
    "searchTime" : "2025-04-10T22:37:24.950Z[UTC]",
    "searchQuery" : "flight too white",
    "searchInteractionURIs" : [
    ]
  },
  {
    "platform" : "WIN32_X86_64",
    "searchTime" : "2025-04-10T22:37:40.983Z[UTC]",
    "searchQuery" : "flight reacts",
    "searchInteractionURIs" : [
    ]
  },
  {
    "platform" : "",
    "searchTime" : "2025-04-10T22:37:41.026Z[UTC]",
    "searchQuery" : "flight reacts",
    "searchInteractionURIs" : [
    ]
  },
  {
    "platform" : "",
    "searchTime" : "2025-04-10T22:54:43.174Z[UTC]",
    "searchQuery" : "b",
    "searchInteractionURIs" : [
    ]
  },
  {
    "platform" : "",
    "searchTime" : "2025-04-10T22:54:43.504Z[UTC]",
    "searchQuery" : "bi",
    "searchInteractionURIs" : [
    ]
  },
  {
    "platform" : "WIN32_X86_64",
    "searchTime" : "2025-04-10T22:54:43.571Z[UTC]",
    "searchQuery" : "b",
    "searchInteractionURIs" : [
    ]
  },
  {
    "platform" : "",
    "searchTime" : "2025-04-10T22:54:43.719Z[UTC]",
    "searchQuery" : "bi",
    "searchInteractionURIs" : [
    ]
  },
  {
    "platform" : "",
    "searchTime" : "2025-04-10T22:54:50.071Z[UTC]",
    "searchQuery" : "be",
    "searchInteractionURIs" : [
    ]
  },
  {
    "platform" : "",
    "searchTime" : "2025-04-10T22:54:50.283Z[UTC]",
    "searchQuery" : "be",
    "searchInteractionURIs" : [
    ]
  },
  {
    "platform" : "",
    "searchTime" : "2025-04-10T22:54:51.304Z[UTC]",
    "searchQuery" : "bec",
    "searchInteractionURIs" : [
    ]
  },
  {
    "platform" : "",
    "searchTime" : "2025-04-10T22:54:51.500Z[UTC]",
    "searchQuery" : "bec",
    "searchInteractionURIs" : [
    ]
  },
  {
    "platform" : "",
    "searchTime" : "2025-04-10T22:54:52.380Z[UTC]",
    "searchQuery" : "becan",
    "searchInteractionURIs" : [
    ]
  },
  {
    "platform" : "",
    "searchTime" : "2025-04-10T22:54:52.557Z[UTC]",
    "searchQuery" : "becan",
    "searchInteractionURIs" : [
    ]
  },
  {
    "platform" : "",
    "searchTime" : "2025-04-10T22:54:53.885Z[UTC]",
    "searchQuery" : "becane",
    "searchInteractionURIs" : [
    ]
  },
  {
    "platform" : "",
    "searchTime" : "2025-04-10T22:54:54.153Z[UTC]",
    "searchQuery" : "becane",
    "searchInteractionURIs" : [
    ]
  },
  {
    "platform" : "",
    "searchTime" : "2025-04-12T11:17:43.120Z[UTC]",
    "searchQuery" : "van",
    "searchInteractionURIs" : [
    ]
  },
  {
    "platform" : "",
    "searchTime" : "2025-04-12T11:17:43.184Z[UTC]",
    "searchQuery" : "van",
    "searchInteractionURIs" : [
    ]
  },
  {
    "platform" : "IPHONE",
    "searchTime" : "2025-04-12T11:17:52.116Z[UTC]",
    "searchQuery" : "vanilla imprea",
    "searchInteractionURIs" : [
    ]
  },
  {
    "platform" : "IPHONE",
    "searchTime" : "2025-04-12T12:25:29.409Z[UTC]",
    "searchQuery" : "blue dab",
    "searchInteractionURIs" : [
      "spotify:track:7lMIJ4EFWRVoAIPDpeGyM3"
    ]
  },
  {
    "platform" : "IPHONE",
    "searchTime" : "2025-04-12T12:50:11.312Z[UTC]",
    "searchQuery" : "kettama",
    "searchInteractionURIs" : [
      "spotify:artist:3an9rnsXKPCAMlZgH4A0n4"
    ]
  },
  {
    "platform" : "IPHONE",
    "searchTime" : "2025-04-12T12:50:28.181Z[UTC]",
    "searchQuery" : "stum",
    "searchInteractionURIs" : [
      "spotify:artist:2voP6uZbMR9fJ49e8HE9Fd"
    ]
  },
  {
    "platform" : "IPHONE",
    "searchTime" : "2025-04-12T13:18:07.168Z[UTC]",
    "searchQuery" : "house",
    "searchInteractionURIs" : [
      "spotify:playlist:37i9dQZF1EIhhg1t6pEGxs"
    ]
  },
  {
    "platform" : "IPHONE",
    "searchTime" : "2025-04-12T22:10:22.951Z[UTC]",
    "searchQuery" : "smoko",
    "searchInteractionURIs" : [
      "spotify:track:5nw2rQXAjfpZNaMzAJ8qTX"
    ]
  },
  {
    "platform" : "",
    "searchTime" : "2025-04-14T19:39:01.847Z[UTC]",
    "searchQuery" : "c",
    "searchInteractionURIs" : [
    ]
  },
  {
    "platform" : "",
    "searchTime" : "2025-04-14T19:39:01.911Z[UTC]",
    "searchQuery" : "c",
    "searchInteractionURIs" : [
    ]
  },
  {
    "platform" : "IPHONE",
    "searchTime" : "2025-04-14T19:39:07.132Z[UTC]",
    "searchQuery" : "colo",
    "searchInteractionURIs" : [
      "spotify:track:57dd4Bw0zPcO1MkkMdp86w",
      "spotify:track:57dd4Bw0zPcO1MkkMdp86w"
    ]
  },
  {
    "platform" : "IPHONE",
    "searchTime" : "2025-04-15T10:23:10.751Z[UTC]",
    "searchQuery" : "pop out at ",
    "searchInteractionURIs" : [
      "spotify:track:6rL8u0RmBmL1Mp5rK33tQA"
    ]
  },
  {
    "platform" : "IPHONE_ARM64",
    "searchTime" : "2025-04-15T11:51:23.160Z[UTC]",
    "searchQuery" : "in",
    "searchInteractionURIs" : [
    ]
  },
  {
    "platform" : "IPHONE",
    "searchTime" : "2025-04-15T11:51:26.050Z[UTC]",
    "searchQuery" : "indian rapper",
    "searchInteractionURIs" : [
      "spotify:track:0OA00aPt3BV10qeMIs3meW"
    ]
  },
  {
    "platform" : "",
    "searchTime" : "2025-04-15T16:39:12.217Z[UTC]",
    "searchQuery" : "aus",
    "searchInteractionURIs" : [
    ]
  },
  {
    "platform" : "",
    "searchTime" : "2025-04-15T16:39:12.556Z[UTC]",
    "searchQuery" : "aus",
    "searchInteractionURIs" : [
    ]
  },
  {
    "platform" : "",
    "searchTime" : "2025-04-15T16:39:13.082Z[UTC]",
    "searchQuery" : "aussie ro",
    "searchInteractionURIs" : [
    ]
  },
  {
    "platform" : "",
    "searchTime" : "2025-04-15T16:39:13.391Z[UTC]",
    "searchQuery" : "aussie ro",
    "searchInteractionURIs" : [
    ]
  },
  {
    "platform" : "IPHONE",
    "searchTime" : "2025-04-15T16:39:14.222Z[UTC]",
    "searchQuery" : "aussie rock",
    "searchInteractionURIs" : [
      "spotify:playlist:37i9dQZF1DXdSo2zQhniZC"
    ]
  },
  {
    "platform" : "",
    "searchTime" : "2025-04-16T09:50:11.301Z[UTC]",
    "searchQuery" : "swea",
    "searchInteractionURIs" : [
    ]
  },
  {
    "platform" : "",
    "searchTime" : "2025-04-16T09:50:11.408Z[UTC]",
    "searchQuery" : "swea",
    "searchInteractionURIs" : [
    ]
  },
  {
    "platform" : "IPHONE",
    "searchTime" : "2025-04-16T09:50:11.936Z[UTC]",
    "searchQuery" : "sweat",
    "searchInteractionURIs" : [
      "spotify:track:2QjOHCTQ1Jl3zawyYOpxh6"
    ]
  },
  {
    "platform" : "",
    "searchTime" : "2025-04-16T09:50:15.455Z[UTC]",
    "searchQuery" : "ra",
    "searchInteractionURIs" : [
    ]
  },
  {
    "platform" : "",
    "searchTime" : "2025-04-16T09:50:15.540Z[UTC]",
    "searchQuery" : "ra",
    "searchInteractionURIs" : [
    ]
  },
  {
    "platform" : "IPHONE",
    "searchTime" : "2025-04-16T09:50:18.141Z[UTC]",
    "searchQuery" : "rain misic",
    "searchInteractionURIs" : [
      "spotify:playlist:37i9dQZF1EIh5QTm0PNBlW"
    ]
  },
  {
    "platform" : "",
    "searchTime" : "2025-04-16T10:25:35.485Z[UTC]",
    "searchQuery" : "qu",
    "searchInteractionURIs" : [
    ]
  },
  {
    "platform" : "",
    "searchTime" : "2025-04-16T10:25:35.487Z[UTC]",
    "searchQuery" : "quee",
    "searchInteractionURIs" : [
    ]
  },
  {
    "platform" : "",
    "searchTime" : "2025-04-16T10:25:35.487Z[UTC]",
    "searchQuery" : "q",
    "searchInteractionURIs" : [
    ]
  },
  {
    "platform" : "",
    "searchTime" : "2025-04-16T10:25:35.488Z[UTC]",
    "searchQuery" : "que",
    "searchInteractionURIs" : [
    ]
  },
  {
    "platform" : "",
    "searchTime" : "2025-04-16T10:25:35.490Z[UTC]",
    "searchQuery" : "queen",
    "searchInteractionURIs" : [
    ]
  },
  {
    "platform" : "",
    "searchTime" : "2025-04-16T10:25:35.564Z[UTC]",
    "searchQuery" : "qu",
    "searchInteractionURIs" : [
    ]
  },
  {
    "platform" : "",
    "searchTime" : "2025-04-16T10:25:35.575Z[UTC]",
    "searchQuery" : "que",
    "searchInteractionURIs" : [
    ]
  },
  {
    "platform" : "",
    "searchTime" : "2025-04-16T10:25:35.577Z[UTC]",
    "searchQuery" : "q",
    "searchInteractionURIs" : [
    ]
  },
  {
    "platform" : "",
    "searchTime" : "2025-04-16T10:25:35.584Z[UTC]",
    "searchQuery" : "quee",
    "searchInteractionURIs" : [
    ]
  },
  {
    "platform" : "",
    "searchTime" : "2025-04-16T10:25:35.584Z[UTC]",
    "searchQuery" : "queen",
    "searchInteractionURIs" : [
    ]
  },
  {
    "platform" : "",
    "searchTime" : "2025-04-16T10:36:21.154Z[UTC]",
    "searchQuery" : "qu",
    "searchInteractionURIs" : [
    ]
  },
  {
    "platform" : "",
    "searchTime" : "2025-04-16T10:36:21.166Z[UTC]",
    "searchQuery" : "que",
    "searchInteractionURIs" : [
    ]
  },
  {
    "platform" : "",
    "searchTime" : "2025-04-16T10:36:21.176Z[UTC]",
    "searchQuery" : "quee",
    "searchInteractionURIs" : [
    ]
  },
  {
    "platform" : "",
    "searchTime" : "2025-04-16T10:36:21.250Z[UTC]",
    "searchQuery" : "qu",
    "searchInteractionURIs" : [
    ]
  },
  {
    "platform" : "",
    "searchTime" : "2025-04-16T10:36:21.253Z[UTC]",
    "searchQuery" : "que",
    "searchInteractionURIs" : [
    ]
  },
  {
    "platform" : "",
    "searchTime" : "2025-04-16T10:36:21.265Z[UTC]",
    "searchQuery" : "quee",
    "searchInteractionURIs" : [
    ]
  },
  {
    "platform" : "IPHONE",
    "searchTime" : "2025-04-16T10:36:21.767Z[UTC]",
    "searchQuery" : "queen",
    "searchInteractionURIs" : [
      "spotify:search:queen%3A+best+of+the+best"
    ]
  },
  {
    "platform" : "IPHONE",
    "searchTime" : "2025-04-16T10:36:25.749Z[UTC]",
    "searchQuery" : "queen: best of the best",
    "searchInteractionURIs" : [
      "spotify:playlist:4khPeG4MVX8uIU4rSHHCy5"
    ]
  },
  {
    "platform" : "IPHONE",
    "searchTime" : "2025-04-16T10:58:30.042Z[UTC]",
    "searchQuery" : "chanp ely",
    "searchInteractionURIs" : [
      "spotify:search:champs+%C3%A9lys%C3%A9es"
    ]
  },
  {
    "platform" : "IPHONE",
    "searchTime" : "2025-04-16T10:58:32.334Z[UTC]",
    "searchQuery" : "champs élysées",
    "searchInteractionURIs" : [
      "spotify:track:4VWbPQUPvLes814r6T11Jz"
    ]
  },
  {
    "platform" : "",
    "searchTime" : "2025-04-16T11:18:17.076Z[UTC]",
    "searchQuery" : "queen",
    "searchInteractionURIs" : [
    ]
  },
  {
    "platform" : "",
    "searchTime" : "2025-04-16T11:18:17.152Z[UTC]",
    "searchQuery" : "queen",
    "searchInteractionURIs" : [
    ]
  },
  {
    "platform" : "IPHONE",
    "searchTime" : "2025-04-16T11:18:17.625Z[UTC]",
    "searchQuery" : "champs élysées japanese version",
    "searchInteractionURIs" : [
      "spotify:track:0lWsJxCZUvmKuemh1l6ZGg"
    ]
  },
  {
    "platform" : "IPHONE",
    "searchTime" : "2025-04-16T11:19:09.978Z[UTC]",
    "searchQuery" : "champs élysées japanese cover",
    "searchInteractionURIs" : [
      "spotify:playlist:7mIQ5KKG9M5Cf3GTmj3BMh",
      "spotify:playlist:0nAJQxdsK0ToL7vLLEWm45",
      "spotify:playlist:7mIQ5KKG9M5Cf3GTmj3BMh"
    ]
  },
  {
    "platform" : "",
    "searchTime" : "2025-04-16T11:23:43.730Z[UTC]",
    "searchQuery" : "ol",
    "searchInteractionURIs" : [
    ]
  },
  {
    "platform" : "",
    "searchTime" : "2025-04-16T11:23:43.793Z[UTC]",
    "searchQuery" : "ol",
    "searchInteractionURIs" : [
    ]
  },
  {
    "platform" : "IPHONE",
    "searchTime" : "2025-04-16T11:23:44.518Z[UTC]",
    "searchQuery" : "old e",
    "searchInteractionURIs" : [
    ]
  },
  {
    "platform" : "IPHONE",
    "searchTime" : "2025-04-16T11:23:45.850Z[UTC]",
    "searchQuery" : "old hits",
    "searchInteractionURIs" : [
      "spotify:search:old+hits+everyone+knows"
    ]
  },
  {
    "platform" : "IPHONE",
    "searchTime" : "2025-04-16T11:23:47.563Z[UTC]",
    "searchQuery" : "old hits everyone knows",
    "searchInteractionURIs" : [
      "spotify:playlist:6AjeFUtUkdLh5a1WNS06ze"
    ]
  },
  {
    "platform" : "",
    "searchTime" : "2025-04-19T18:33:59.181Z[UTC]",
    "searchQuery" : "fleetwoo",
    "searchInteractionURIs" : [
    ]
  },
  {
    "platform" : "",
    "searchTime" : "2025-04-19T18:33:59.229Z[UTC]",
    "searchQuery" : "fleetwoo",
    "searchInteractionURIs" : [
    ]
  },
  {
    "platform" : "",
    "searchTime" : "2025-04-19T18:33:59.665Z[UTC]",
    "searchQuery" : "fleetwood m",
    "searchInteractionURIs" : [
    ]
  },
  {
    "platform" : "",
    "searchTime" : "2025-04-19T18:33:59.725Z[UTC]",
    "searchQuery" : "fleetwood m",
    "searchInteractionURIs" : [
    ]
  },
  {
    "platform" : "",
    "searchTime" : "2025-04-19T18:34:02.858Z[UTC]",
    "searchQuery" : "fleetwood mac",
    "searchInteractionURIs" : [
    ]
  },
  {
    "platform" : "IPHONE",
    "searchTime" : "2025-04-19T18:34:04.574Z[UTC]",
    "searchQuery" : "fleetwood mac",
    "searchInteractionURIs" : [
      "spotify:playlist:37i9dQZF1E4tZxYcBZfDn9"
    ]
  },
  {
    "platform" : "IPHONE",
    "searchTime" : "2025-04-19T20:17:10.741Z[UTC]",
    "searchQuery" : "your love ",
    "searchInteractionURIs" : [
    ]
  },
  {
    "platform" : "",
    "searchTime" : "2025-04-19T20:17:11.848Z[UTC]",
    "searchQuery" : "your lov",
    "searchInteractionURIs" : [
    ]
  },
  {
    "platform" : "",
    "searchTime" : "2025-04-19T20:17:11.897Z[UTC]",
    "searchQuery" : "your lov",
    "searchInteractionURIs" : [
    ]
  },
  {
    "platform" : "",
    "searchTime" : "2025-04-19T20:17:12.118Z[UTC]",
    "searchQuery" : "your ",
    "searchInteractionURIs" : [
    ]
  },
  {
    "platform" : "",
    "searchTime" : "2025-04-19T20:17:12.172Z[UTC]",
    "searchQuery" : "your ",
    "searchInteractionURIs" : [
    ]
  },
  {
    "platform" : "",
    "searchTime" : "2025-04-19T20:17:12.216Z[UTC]",
    "searchQuery" : "your",
    "searchInteractionURIs" : [
    ]
  },
  {
    "platform" : "",
    "searchTime" : "2025-04-19T20:17:12.265Z[UTC]",
    "searchQuery" : "your",
    "searchInteractionURIs" : [
    ]
  },
  {
    "platform" : "",
    "searchTime" : "2025-04-19T20:17:12.312Z[UTC]",
    "searchQuery" : "you",
    "searchInteractionURIs" : [
    ]
  },
  {
    "platform" : "",
    "searchTime" : "2025-04-19T20:17:12.381Z[UTC]",
    "searchQuery" : "you",
    "searchInteractionURIs" : [
    ]
  },
  {
    "platform" : "",
    "searchTime" : "2025-04-19T20:17:12.512Z[UTC]",
    "searchQuery" : "yo",
    "searchInteractionURIs" : [
    ]
  },
  {
    "platform" : "",
    "searchTime" : "2025-04-19T20:17:12.514Z[UTC]",
    "searchQuery" : "y",
    "searchInteractionURIs" : [
    ]
  },
  {
    "platform" : "",
    "searchTime" : "2025-04-19T20:17:12.565Z[UTC]",
    "searchQuery" : "y",
    "searchInteractionURIs" : [
    ]
  },
  {
    "platform" : "",
    "searchTime" : "2025-04-19T20:17:12.584Z[UTC]",
    "searchQuery" : "yo",
    "searchInteractionURIs" : [
    ]
  },
  {
    "platform" : "",
    "searchTime" : "2025-04-19T20:17:16.082Z[UTC]",
    "searchQuery" : "diplo your",
    "searchInteractionURIs" : [
    ]
  },
  {
    "platform" : "",
    "searchTime" : "2025-04-19T20:17:16.129Z[UTC]",
    "searchQuery" : "diplo your",
    "searchInteractionURIs" : [
    ]
  },
  {
    "platform" : "IPHONE",
    "searchTime" : "2025-04-19T20:17:16.611Z[UTC]",
    "searchQuery" : "diplo your ",
    "searchInteractionURIs" : [
      "spotify:track:4R3BIyY00WxYVZOmgrFp1Y"
    ]
  },
  {
    "platform" : "",
    "searchTime" : "2025-04-19T20:17:27.542Z[UTC]",
    "searchQuery" : "feel m",
    "searchInteractionURIs" : [
    ]
  },
  {
    "platform" : "",
    "searchTime" : "2025-04-19T20:17:27.620Z[UTC]",
    "searchQuery" : "feel m",
    "searchInteractionURIs" : [
    ]
  },
  {
    "platform" : "",
    "searchTime" : "2025-04-19T20:17:29.165Z[UTC]",
    "searchQuery" : "feel my ne",
    "searchInteractionURIs" : [
    ]
  },
  {
    "platform" : "",
    "searchTime" : "2025-04-19T20:17:29.201Z[UTC]",
    "searchQuery" : "feel my ne",
    "searchInteractionURIs" : [
    ]
  },
  {
    "platform" : "IPHONE",
    "searchTime" : "2025-04-19T20:17:29.751Z[UTC]",
    "searchQuery" : "feel my nee",
    "searchInteractionURIs" : [
      "spotify:track:7nionv2ijjqUlg9m5iWPTc"
    ]
  },
  {
    "platform" : "",
    "searchTime" : "2025-04-19T20:17:35.176Z[UTC]",
    "searchQuery" : "son",
    "searchInteractionURIs" : [
    ]
  },
  {
    "platform" : "",
    "searchTime" : "2025-04-19T20:17:35.231Z[UTC]",
    "searchQuery" : "son",
    "searchInteractionURIs" : [
    ]
  },
  {
    "platform" : "",
    "searchTime" : "2025-04-19T20:17:36.218Z[UTC]",
    "searchQuery" : "sonnenlic",
    "searchInteractionURIs" : [
    ]
  },
  {
    "platform" : "",
    "searchTime" : "2025-04-19T20:17:36.263Z[UTC]",
    "searchQuery" : "sonnenlic",
    "searchInteractionURIs" : [
    ]
  },
  {
    "platform" : "IPHONE",
    "searchTime" : "2025-04-19T20:17:36.650Z[UTC]",
    "searchQuery" : "sonnenlich",
    "searchInteractionURIs" : [
      "spotify:track:6tVv5QAV71O7gFt85B50CM"
    ]
  },
  {
    "platform" : "IPHONE",
    "searchTime" : "2025-04-19T21:06:06.545Z[UTC]",
    "searchQuery" : "moana song",
    "searchInteractionURIs" : [
      "spotify:track:6mb6lVLNrcUgLnEN8QnDJd",
      "spotify:track:6U4VqEHy4n5VeiH4pQPL24"
    ]
  },
  {
    "platform" : "",
    "searchTime" : "2025-04-20T05:45:40.136Z[UTC]",
    "searchQuery" : "hou",
    "searchInteractionURIs" : [
    ]
  },
  {
    "platform" : "",
    "searchTime" : "2025-04-20T05:45:40.201Z[UTC]",
    "searchQuery" : "hou",
    "searchInteractionURIs" : [
    ]
  },
  {
    "platform" : "IPHONE",
    "searchTime" : "2025-04-20T05:45:41.029Z[UTC]",
    "searchQuery" : "house",
    "searchInteractionURIs" : [
      "spotify:playlist:37i9dQZF1EIenRw7a52He7"
    ]
  },
  {
    "platform" : "",
    "searchTime" : "2025-04-25T20:28:52.018Z[UTC]",
    "searchQuery" : "a",
    "searchInteractionURIs" : [
    ]
  },
  {
    "platform" : "",
    "searchTime" : "2025-04-25T20:28:52.093Z[UTC]",
    "searchQuery" : "a",
    "searchInteractionURIs" : [
    ]
  },
  {
    "platform" : "IPHONE_ARM64",
    "searchTime" : "2025-04-25T20:28:52.631Z[UTC]",
    "searchQuery" : "at",
    "searchInteractionURIs" : [
    ]
  },
  {
    "platform" : "IPHONE",
    "searchTime" : "2025-04-25T20:29:00.051Z[UTC]",
    "searchQuery" : "szeneischnba",
    "searchInteractionURIs" : [
      "spotify:show:7nPV0JPxCVjOkrGIohpNqo"
    ]
  },
  {
    "platform" : "",
    "searchTime" : "2025-04-28T12:44:02.324Z[UTC]",
    "searchQuery" : "anxi",
    "searchInteractionURIs" : [
    ]
  },
  {
    "platform" : "",
    "searchTime" : "2025-04-28T12:44:02.624Z[UTC]",
    "searchQuery" : "anxi",
    "searchInteractionURIs" : [
    ]
  },
  {
    "platform" : "WIN32_X86_64",
    "searchTime" : "2025-04-28T12:44:02.728Z[UTC]",
    "searchQuery" : "anxiety",
    "searchInteractionURIs" : [
    ]
  },
  {
    "platform" : "",
    "searchTime" : "2025-04-28T12:44:02.767Z[UTC]",
    "searchQuery" : "anxiety",
    "searchInteractionURIs" : [
    ]
  },
  {
    "platform" : "IPHONE",
    "searchTime" : "2025-05-02T19:43:52.054Z[UTC]",
    "searchQuery" : "house",
    "searchInteractionURIs" : [
    ]
  },
  {
    "platform" : "",
    "searchTime" : "2025-05-02T19:44:01.474Z[UTC]",
    "searchQuery" : "ho",
    "searchInteractionURIs" : [
    ]
  },
  {
    "platform" : "",
    "searchTime" : "2025-05-02T19:44:01.536Z[UTC]",
    "searchQuery" : "ho",
    "searchInteractionURIs" : [
    ]
  },
  {
    "platform" : "IPHONE",
    "searchTime" : "2025-05-02T19:44:01.633Z[UTC]",
    "searchQuery" : "hou",
    "searchInteractionURIs" : [
    ]
  },
  {
    "platform" : "",
    "searchTime" : "2025-05-02T19:44:01.672Z[UTC]",
    "searchQuery" : "h",
    "searchInteractionURIs" : [
    ]
  },
  {
    "platform" : "",
    "searchTime" : "2025-05-02T19:44:01.740Z[UTC]",
    "searchQuery" : "h",
    "searchInteractionURIs" : [
    ]
  },
  {
    "platform" : "IPHONE",
    "searchTime" : "2025-05-02T19:44:04.631Z[UTC]",
    "searchQuery" : "kett",
    "searchInteractionURIs" : [
      "spotify:artist:3an9rnsXKPCAMlZgH4A0n4",
      "spotify:artist:3an9rnsXKPCAMlZgH4A0n4"
    ]
  },
  {
    "platform" : "",
    "searchTime" : "2025-05-02T21:18:27.359Z[UTC]",
    "searchQuery" : "bli",
    "searchInteractionURIs" : [
    ]
  },
  {
    "platform" : "",
    "searchTime" : "2025-05-02T21:18:27.427Z[UTC]",
    "searchQuery" : "bli",
    "searchInteractionURIs" : [
    ]
  },
  {
    "platform" : "IPHONE",
    "searchTime" : "2025-05-02T21:18:27.834Z[UTC]",
    "searchQuery" : "bliss",
    "searchInteractionURIs" : [
      "spotify:track:64GqY4X8YZbufm8kk62NoB",
      "spotify:track:64GqY4X8YZbufm8kk62NoB"
    ]
  },
  {
    "platform" : "IPHONE",
    "searchTime" : "2025-05-08T22:47:20.168Z[UTC]",
    "searchQuery" : "tame",
    "searchInteractionURIs" : [
      "spotify:playlist:37i9dQZF1DZ06evO3n0Aus"
    ]
  },
  {
    "platform" : "",
    "searchTime" : "2025-05-12T13:56:41.777Z[UTC]",
    "searchQuery" : "chat w",
    "searchInteractionURIs" : [
    ]
  },
  {
    "platform" : "",
    "searchTime" : "2025-05-12T13:56:41.913Z[UTC]",
    "searchQuery" : "chat w",
    "searchInteractionURIs" : [
    ]
  },
  {
    "platform" : "IPHONE_ARM64",
    "searchTime" : "2025-05-12T13:56:42.253Z[UTC]",
    "searchQuery" : "chat wit",
    "searchInteractionURIs" : [
    ]
  },
  {
    "platform" : "",
    "searchTime" : "2025-05-12T13:56:43.249Z[UTC]",
    "searchQuery" : "chat with ",
    "searchInteractionURIs" : [
    ]
  },
  {
    "platform" : "",
    "searchTime" : "2025-05-12T13:56:43.250Z[UTC]",
    "searchQuery" : "chat with t",
    "searchInteractionURIs" : [
    ]
  },
  {
    "platform" : "",
    "searchTime" : "2025-05-12T13:56:43.260Z[UTC]",
    "searchQuery" : "chat with tr",
    "searchInteractionURIs" : [
    ]
  },
  {
    "platform" : "",
    "searchTime" : "2025-05-12T13:56:43.294Z[UTC]",
    "searchQuery" : "chat with tr",
    "searchInteractionURIs" : [
    ]
  },
  {
    "platform" : "",
    "searchTime" : "2025-05-12T13:56:43.330Z[UTC]",
    "searchQuery" : "chat with t",
    "searchInteractionURIs" : [
    ]
  },
  {
    "platform" : "",
    "searchTime" : "2025-05-12T13:56:43.337Z[UTC]",
    "searchQuery" : "chat with ",
    "searchInteractionURIs" : [
    ]
  },
  {
    "platform" : "IPHONE",
    "searchTime" : "2025-05-12T13:56:43.691Z[UTC]",
    "searchQuery" : "chat with tra",
    "searchInteractionURIs" : [
      "spotify:show:2Mk6QICNrew2ya93Bv3eWX"
    ]
  },
  {
    "platform" : "",
    "searchTime" : "2025-05-12T13:58:09.533Z[UTC]",
    "searchQuery" : "flirt",
    "searchInteractionURIs" : [
    ]
  },
  {
    "platform" : "",
    "searchTime" : "2025-05-12T13:58:09.604Z[UTC]",
    "searchQuery" : "flirt",
    "searchInteractionURIs" : [
    ]
  },
  {
    "platform" : "IPHONE",
    "searchTime" : "2025-05-12T13:58:23.287Z[UTC]",
    "searchQuery" : "flirting with models",
    "searchInteractionURIs" : [
      "spotify:show:1IXldCXztfTaZeHbtcDRQI"
    ]
  },
  {
    "platform" : "IPHONE",
    "searchTime" : "2025-05-12T13:58:40.953Z[UTC]",
    "searchQuery" : "flirting with models marcis lopez",
    "searchInteractionURIs" : [
      "spotify:show:2Mk6QICNrew2ya93Bv3eWX"
    ]
  },
  {
    "platform" : "",
    "searchTime" : "2025-05-12T14:18:01.488Z[UTC]",
    "searchQuery" : "flirtin",
    "searchInteractionURIs" : [
    ]
  },
  {
    "platform" : "",
    "searchTime" : "2025-05-12T14:18:01.563Z[UTC]",
    "searchQuery" : "flirtin",
    "searchInteractionURIs" : [
    ]
  },
  {
    "platform" : "",
    "searchTime" : "2025-05-12T14:18:02.015Z[UTC]",
    "searchQuery" : "flirting wit",
    "searchInteractionURIs" : [
    ]
  },
  {
    "platform" : "",
    "searchTime" : "2025-05-12T14:18:02.079Z[UTC]",
    "searchQuery" : "flirting wit",
    "searchInteractionURIs" : [
    ]
  },
  {
    "platform" : "IPHONE_ARM64",
    "searchTime" : "2025-05-12T14:18:02.505Z[UTC]",
    "searchQuery" : "flirting w",
    "searchInteractionURIs" : [
    ]
  },
  {
    "platform" : "",
    "searchTime" : "2025-05-12T14:18:05.359Z[UTC]",
    "searchQuery" : "flirting with models data dri",
    "searchInteractionURIs" : [
    ]
  },
  {
    "platform" : "",
    "searchTime" : "2025-05-12T14:18:05.391Z[UTC]",
    "searchQuery" : "flirting with models data dri",
    "searchInteractionURIs" : [
    ]
  },
  {
    "platform" : "IPHONE",
    "searchTime" : "2025-05-12T14:18:13.108Z[UTC]",
    "searchQuery" : "flirting with models data driven",
    "searchInteractionURIs" : [
      "spotify:episode:3gdSUlThizYWGvciCj2nL0"
    ]
  },
  {
    "platform" : "IPHONE",
    "searchTime" : "2025-05-12T14:19:36.357Z[UTC]",
    "searchQuery" : "flirting with models ",
    "searchInteractionURIs" : [
      "spotify:show:1IXldCXztfTaZeHbtcDRQI",
      "spotify:show:1IXldCXztfTaZeHbtcDRQI"
    ]
  },
  {
    "platform" : "IPHONE",
    "searchTime" : "2025-05-23T19:32:27.313Z[UTC]",
    "searchQuery" : "mumle",
    "searchInteractionURIs" : [
      "spotify:artist:6xfKNngTw1zxViM96HSTCq"
    ]
  },
  {
    "platform" : "",
    "searchTime" : "2025-05-23T19:48:04.172Z[UTC]",
    "searchQuery" : "mumle",
    "searchInteractionURIs" : [
    ]
  },
  {
    "platform" : "",
    "searchTime" : "2025-05-23T19:48:04.242Z[UTC]",
    "searchQuery" : "mumle",
    "searchInteractionURIs" : [
    ]
  },
  {
    "platform" : "",
    "searchTime" : "2025-05-25T20:03:52.678Z[UTC]",
    "searchQuery" : "th",
    "searchInteractionURIs" : [
    ]
  },
  {
    "platform" : "",
    "searchTime" : "2025-05-25T20:03:52.756Z[UTC]",
    "searchQuery" : "th",
    "searchInteractionURIs" : [
    ]
  },
  {
    "platform" : "IPHONE",
    "searchTime" : "2025-05-25T20:03:55.268Z[UTC]",
    "searchQuery" : "the thrill ks go",
    "searchInteractionURIs" : [
      "spotify:track:5eVG50IlyjSevPsWnSI76r"
    ]
  },
  {
    "platform" : "",
    "searchTime" : "2025-05-25T20:07:04.987Z[UTC]",
    "searchQuery" : "somgs ever",
    "searchInteractionURIs" : [
    ]
  },
  {
    "platform" : "",
    "searchTime" : "2025-05-25T20:07:05.049Z[UTC]",
    "searchQuery" : "somgs ever",
    "searchInteractionURIs" : [
    ]
  },
  {
    "platform" : "",
    "searchTime" : "2025-05-25T20:07:05.098Z[UTC]",
    "searchQuery" : "songs ever",
    "searchInteractionURIs" : [
    ]
  },
  {
    "platform" : "",
    "searchTime" : "2025-05-25T20:07:05.418Z[UTC]",
    "searchQuery" : "somgs everyon",
    "searchInteractionURIs" : [
    ]
  },
  {
    "platform" : "",
    "searchTime" : "2025-05-25T20:07:05.450Z[UTC]",
    "searchQuery" : "somgs everyon",
    "searchInteractionURIs" : [
    ]
  },
  {
    "platform" : "",
    "searchTime" : "2025-05-25T20:07:05.488Z[UTC]",
    "searchQuery" : "songs everyon",
    "searchInteractionURIs" : [
    ]
  },
  {
    "platform" : "IPHONE",
    "searchTime" : "2025-05-25T20:07:06.633Z[UTC]",
    "searchQuery" : "somgs everyone jnow",
    "searchInteractionURIs" : [
      "spotify:playlist:2Jc0amXy2IvLyTofJKgiYg"
    ]
  },
  {
    "platform" : "IPHONE_ARM64",
    "searchTime" : "2025-05-25T20:14:41.088Z[UTC]",
    "searchQuery" : "cl",
    "searchInteractionURIs" : [
    ]
  },
  {
    "platform" : "",
    "searchTime" : "2025-05-25T20:14:41.532Z[UTC]",
    "searchQuery" : "club s",
    "searchInteractionURIs" : [
    ]
  },
  {
    "platform" : "",
    "searchTime" : "2025-05-25T20:14:41.629Z[UTC]",
    "searchQuery" : "club s",
    "searchInteractionURIs" : [
    ]
  },
  {
    "platform" : "",
    "searchTime" : "2025-05-25T20:14:41.668Z[UTC]",
    "searchQuery" : "club son",
    "searchInteractionURIs" : [
    ]
  },
  {
    "platform" : "",
    "searchTime" : "2025-05-25T20:14:41.774Z[UTC]",
    "searchQuery" : "club son",
    "searchInteractionURIs" : [
    ]
  },
  {
    "platform" : "",
    "searchTime" : "2025-05-25T20:14:41.775Z[UTC]",
    "searchQuery" : "club sin",
    "searchInteractionURIs" : [
    ]
  },
  {
    "platform" : "",
    "searchTime" : "2025-05-25T20:14:42.331Z[UTC]",
    "searchQuery" : "club songs e",
    "searchInteractionURIs" : [
    ]
  },
  {
    "platform" : "",
    "searchTime" : "2025-05-25T20:14:42.404Z[UTC]",
    "searchQuery" : "club songs e",
    "searchInteractionURIs" : [
    ]
  },
  {
    "platform" : "IPHONE",
    "searchTime" : "2025-05-25T20:14:42.989Z[UTC]",
    "searchQuery" : "club songs every",
    "searchInteractionURIs" : [
      "spotify:playlist:7oD5a77q7H2oVEmz1RI1Aa"
    ]
  },
  {
    "platform" : "",
    "searchTime" : "2025-05-25T20:14:57.119Z[UTC]",
    "searchQuery" : "song",
    "searchInteractionURIs" : [
    ]
  },
  {
    "platform" : "",
    "searchTime" : "2025-05-25T20:14:57.186Z[UTC]",
    "searchQuery" : "song",
    "searchInteractionURIs" : [
    ]
  },
  {
    "platform" : "",
    "searchTime" : "2025-05-25T20:14:57.881Z[UTC]",
    "searchQuery" : "songs ever",
    "searchInteractionURIs" : [
    ]
  },
  {
    "platform" : "",
    "searchTime" : "2025-05-25T20:14:58.130Z[UTC]",
    "searchQuery" : "songs ever",
    "searchInteractionURIs" : [
    ]
  },
  {
    "platform" : "IPHONE",
    "searchTime" : "2025-05-25T20:14:59.178Z[UTC]",
    "searchQuery" : "songs everyone ",
    "searchInteractionURIs" : [
      "spotify:playlist:0Gmd6cuTndpDwVEdJsPAvW"
    ]
  },
  {
    "platform" : "",
    "searchTime" : "2025-05-25T20:44:54.262Z[UTC]",
    "searchQuery" : "songs ev",
    "searchInteractionURIs" : [
    ]
  },
  {
    "platform" : "",
    "searchTime" : "2025-05-25T20:44:54.317Z[UTC]",
    "searchQuery" : "songs ev",
    "searchInteractionURIs" : [
    ]
  },
  {
    "platform" : "",
    "searchTime" : "2025-05-25T20:44:54.802Z[UTC]",
    "searchQuery" : "songs ev",
    "searchInteractionURIs" : [
    ]
  },
  {
    "platform" : "",
    "searchTime" : "2025-05-25T20:44:55.085Z[UTC]",
    "searchQuery" : "songs eveyo",
    "searchInteractionURIs" : [
    ]
  },
  {
    "platform" : "",
    "searchTime" : "2025-05-25T20:44:55.145Z[UTC]",
    "searchQuery" : "songs eveyo",
    "searchInteractionURIs" : [
    ]
  },
  {
    "platform" : "",
    "searchTime" : "2025-05-25T20:44:55.150Z[UTC]",
    "searchQuery" : "songs everyo",
    "searchInteractionURIs" : [
    ]
  },
  {
    "platform" : "",
    "searchTime" : "2025-05-25T20:44:55.337Z[UTC]",
    "searchQuery" : "songs eveyo",
    "searchInteractionURIs" : [
    ]
  },
  {
    "platform" : "",
    "searchTime" : "2025-05-25T20:44:57.902Z[UTC]",
    "searchQuery" : "songs evey",
    "searchInteractionURIs" : [
    ]
  },
  {
    "platform" : "",
    "searchTime" : "2025-05-25T20:44:57.932Z[UTC]",
    "searchQuery" : "songs evey",
    "searchInteractionURIs" : [
    ]
  },
  {
    "platform" : "",
    "searchTime" : "2025-05-25T20:44:57.985Z[UTC]",
    "searchQuery" : "songs ever",
    "searchInteractionURIs" : [
    ]
  },
  {
    "platform" : "",
    "searchTime" : "2025-05-25T20:44:58.682Z[UTC]",
    "searchQuery" : "songs ever",
    "searchInteractionURIs" : [
    ]
  },
  {
    "platform" : "",
    "searchTime" : "2025-05-25T20:44:58.756Z[UTC]",
    "searchQuery" : "songs ever",
    "searchInteractionURIs" : [
    ]
  },
  {
    "platform" : "WIN32_X86_64",
    "searchTime" : "2025-05-25T20:44:58.903Z[UTC]",
    "searchQuery" : "songs evey",
    "searchInteractionURIs" : [
    ]
  },
  {
    "platform" : "",
    "searchTime" : "2025-05-25T20:44:58.947Z[UTC]",
    "searchQuery" : "songs ever",
    "searchInteractionURIs" : [
    ]
  },
  {
    "platform" : "WIN32_X86_64",
    "searchTime" : "2025-05-25T20:45:01.116Z[UTC]",
    "searchQuery" : "songs everyone knows",
    "searchInteractionURIs" : [
    ]
  },
  {
    "platform" : "",
    "searchTime" : "2025-05-25T20:45:01.153Z[UTC]",
    "searchQuery" : "songs everyone knows",
    "searchInteractionURIs" : [
    ]
  },
  {
    "platform" : "",
    "searchTime" : "2025-05-25T20:48:06.976Z[UTC]",
    "searchQuery" : "202",
    "searchInteractionURIs" : [
    ]
  },
  {
    "platform" : "",
    "searchTime" : "2025-05-25T20:48:07.056Z[UTC]",
    "searchQuery" : "202",
    "searchInteractionURIs" : [
    ]
  },
  {
    "platform" : "",
    "searchTime" : "2025-05-25T20:48:07.230Z[UTC]",
    "searchQuery" : "202",
    "searchInteractionURIs" : [
    ]
  },
  {
    "platform" : "",
    "searchTime" : "2025-05-25T20:48:09.034Z[UTC]",
    "searchQuery" : "2024 top songs",
    "searchInteractionURIs" : [
    ]
  },
  {
    "platform" : "",
    "searchTime" : "2025-05-25T20:48:09.107Z[UTC]",
    "searchQuery" : "2024 top songs",
    "searchInteractionURIs" : [
    ]
  },
  {
    "platform" : "",
    "searchTime" : "2025-05-25T20:48:09.279Z[UTC]",
    "searchQuery" : "2024 top songs",
    "searchInteractionURIs" : [
    ]
  },
  {
    "platform" : "",
    "searchTime" : "2025-05-25T20:52:53.552Z[UTC]",
    "searchQuery" : "og ",
    "searchInteractionURIs" : [
    ]
  },
  {
    "platform" : "",
    "searchTime" : "2025-05-25T20:52:53.643Z[UTC]",
    "searchQuery" : "og ",
    "searchInteractionURIs" : [
    ]
  },
  {
    "platform" : "",
    "searchTime" : "2025-05-25T20:52:53.815Z[UTC]",
    "searchQuery" : "og ",
    "searchInteractionURIs" : [
    ]
  },
  {
    "platform" : "",
    "searchTime" : "2025-05-25T20:52:54.485Z[UTC]",
    "searchQuery" : "og 200",
    "searchInteractionURIs" : [
    ]
  },
  {
    "platform" : "",
    "searchTime" : "2025-05-25T20:52:54.543Z[UTC]",
    "searchQuery" : "og 200",
    "searchInteractionURIs" : [
    ]
  },
  {
    "platform" : "",
    "searchTime" : "2025-05-25T20:52:54.714Z[UTC]",
    "searchQuery" : "og 200",
    "searchInteractionURIs" : [
    ]
  },
  {
    "platform" : "",
    "searchTime" : "2025-05-25T20:52:55.770Z[UTC]",
    "searchQuery" : "og 20",
    "searchInteractionURIs" : [
    ]
  },
  {
    "platform" : "",
    "searchTime" : "2025-05-25T20:52:55.834Z[UTC]",
    "searchQuery" : "og 20",
    "searchInteractionURIs" : [
    ]
  },
  {
    "platform" : "",
    "searchTime" : "2025-05-25T20:52:56.367Z[UTC]",
    "searchQuery" : "og 2010",
    "searchInteractionURIs" : [
    ]
  },
  {
    "platform" : "",
    "searchTime" : "2025-05-25T20:52:56.386Z[UTC]",
    "searchQuery" : "og 2010",
    "searchInteractionURIs" : [
    ]
  },
  {
    "platform" : "",
    "searchTime" : "2025-05-25T20:52:56.435Z[UTC]",
    "searchQuery" : "of 2010",
    "searchInteractionURIs" : [
    ]
  },
  {
    "platform" : "",
    "searchTime" : "2025-05-25T20:52:56.725Z[UTC]",
    "searchQuery" : "og 2010",
    "searchInteractionURIs" : [
    ]
  },
  {
    "platform" : "",
    "searchTime" : "2025-05-25T20:52:56.935Z[UTC]",
    "searchQuery" : "og 2010 ",
    "searchInteractionURIs" : [
    ]
  },
  {
    "platform" : "",
    "searchTime" : "2025-05-25T20:52:56.954Z[UTC]",
    "searchQuery" : "og 2010 ",
    "searchInteractionURIs" : [
    ]
  },
  {
    "platform" : "",
    "searchTime" : "2025-05-25T20:52:56.971Z[UTC]",
    "searchQuery" : "of 2010 ",
    "searchInteractionURIs" : [
    ]
  },
  {
    "platform" : "",
    "searchTime" : "2025-05-25T20:52:56Z[UTC]",
    "searchQuery" : "og 20",
    "searchInteractionURIs" : [
    ]
  },
  {
    "platform" : "",
    "searchTime" : "2025-05-25T20:52:57.278Z[UTC]",
    "searchQuery" : "og 2010 ",
    "searchInteractionURIs" : [
    ]
  },
  {
    "platform" : "",
    "searchTime" : "2025-05-25T20:52:57.799Z[UTC]",
    "searchQuery" : "og 2010 songs",
    "searchInteractionURIs" : [
    ]
  },
  {
    "platform" : "",
    "searchTime" : "2025-05-25T20:52:57.803Z[UTC]",
    "searchQuery" : "og 2010 songs",
    "searchInteractionURIs" : [
    ]
  },
  {
    "platform" : "WIN32_X86_64",
    "searchTime" : "2025-05-25T20:52:58.198Z[UTC]",
    "searchQuery" : "og 2010 songs",
    "searchInteractionURIs" : [
    ]
  },
  {
    "platform" : "IPHONE",
    "searchTime" : "2025-05-27T07:45:47.545Z[UTC]",
    "searchQuery" : "vienn",
    "searchInteractionURIs" : [
      "spotify:track:4U45aEWtQhrm8A5mxPaFZ7"
    ]
  },
  {
    "platform" : "",
    "searchTime" : "2025-05-28T22:40:44.345Z[UTC]",
    "searchQuery" : "high",
    "searchInteractionURIs" : [
    ]
  },
  {
    "platform" : "",
    "searchTime" : "2025-05-28T22:40:44.430Z[UTC]",
    "searchQuery" : "high",
    "searchInteractionURIs" : [
    ]
  },
  {
    "platform" : "",
    "searchTime" : "2025-05-28T22:40:44.510Z[UTC]",
    "searchQuery" : "high ",
    "searchInteractionURIs" : [
    ]
  },
  {
    "platform" : "",
    "searchTime" : "2025-05-28T22:40:44.574Z[UTC]",
    "searchQuery" : "high ",
    "searchInteractionURIs" : [
    ]
  },
  {
    "platform" : "",
    "searchTime" : "2025-05-28T22:40:44.605Z[UTC]",
    "searchQuery" : "high",
    "searchInteractionURIs" : [
    ]
  },
  {
    "platform" : "",
    "searchTime" : "2025-05-28T22:40:44.731Z[UTC]",
    "searchQuery" : "high ",
    "searchInteractionURIs" : [
    ]
  },
  {
    "platform" : "WIN32_X86_64",
    "searchTime" : "2025-05-28T22:40:46.935Z[UTC]",
    "searchQuery" : "high song",
    "searchInteractionURIs" : [
    ]
  },
  {
    "platform" : "",
    "searchTime" : "2025-05-28T22:40:46.967Z[UTC]",
    "searchQuery" : "high song",
    "searchInteractionURIs" : [
    ]
  },
  {
    "platform" : "",
    "searchTime" : "2025-05-28T22:40:47.074Z[UTC]",
    "searchQuery" : "high songs",
    "searchInteractionURIs" : [
    ]
  },
  {
    "platform" : "",
    "searchTime" : "2025-05-28T22:40:47.141Z[UTC]",
    "searchQuery" : "high songs",
    "searchInteractionURIs" : [
    ]
  },
  {
    "platform" : "WIN32_X86_64",
    "searchTime" : "2025-05-28T22:40:47.464Z[UTC]",
    "searchQuery" : "high songs",
    "searchInteractionURIs" : [
    ]
  },
  {
    "platform" : "",
    "searchTime" : "2025-05-28T22:41:46.776Z[UTC]",
    "searchQuery" : "th",
    "searchInteractionURIs" : [
    ]
  },
  {
    "platform" : "",
    "searchTime" : "2025-05-28T22:41:46.890Z[UTC]",
    "searchQuery" : "th",
    "searchInteractionURIs" : [
    ]
  },
  {
    "platform" : "",
    "searchTime" : "2025-05-28T22:41:46.997Z[UTC]",
    "searchQuery" : "ths ",
    "searchInteractionURIs" : [
    ]
  },
  {
    "platform" : "",
    "searchTime" : "2025-05-28T22:41:47.062Z[UTC]",
    "searchQuery" : "th",
    "searchInteractionURIs" : [
    ]
  },
  {
    "platform" : "",
    "searchTime" : "2025-05-28T22:41:47.127Z[UTC]",
    "searchQuery" : "ths ",
    "searchInteractionURIs" : [
    ]
  },
  {
    "platform" : "",
    "searchTime" : "2025-05-28T22:41:47.283Z[UTC]",
    "searchQuery" : "ths ",
    "searchInteractionURIs" : [
    ]
  },
  {
    "platform" : "",
    "searchTime" : "2025-05-28T22:41:47.473Z[UTC]",
    "searchQuery" : "ths is ",
    "searchInteractionURIs" : [
    ]
  },
  {
    "platform" : "",
    "searchTime" : "2025-05-28T22:41:47.534Z[UTC]",
    "searchQuery" : "ths is ",
    "searchInteractionURIs" : [
    ]
  },
  {
    "platform" : "",
    "searchTime" : "2025-05-28T22:41:47.572Z[UTC]",
    "searchQuery" : "this is ",
    "searchInteractionURIs" : [
    ]
  },
  {
    "platform" : "",
    "searchTime" : "2025-05-28T22:41:47.921Z[UTC]",
    "searchQuery" : "ths is t",
    "searchInteractionURIs" : [
    ]
  },
  {
    "platform" : "WIN32_X86_64",
    "searchTime" : "2025-05-28T22:41:47.922Z[UTC]",
    "searchQuery" : "ths is ",
    "searchInteractionURIs" : [
    ]
  },
  {
    "platform" : "",
    "searchTime" : "2025-05-28T22:41:47.997Z[UTC]",
    "searchQuery" : "ths is t",
    "searchInteractionURIs" : [
    ]
  },
  {
    "platform" : "",
    "searchTime" : "2025-05-28T22:41:48.017Z[UTC]",
    "searchQuery" : "this is t",
    "searchInteractionURIs" : [
    ]
  },
  {
    "platform" : "",
    "searchTime" : "2025-05-28T22:41:48.220Z[UTC]",
    "searchQuery" : "ths is t",
    "searchInteractionURIs" : [
    ]
  },
  {
    "platform" : "WIN32_X86_64",
    "searchTime" : "2025-05-28T22:41:48.750Z[UTC]",
    "searchQuery" : "ths is tame",
    "searchInteractionURIs" : [
    ]
  },
  {
    "platform" : "",
    "searchTime" : "2025-05-28T22:41:48.781Z[UTC]",
    "searchQuery" : "ths is tame",
    "searchInteractionURIs" : [
    ]
  },
  {
    "platform" : "",
    "searchTime" : "2025-06-01T19:59:25.345Z[UTC]",
    "searchQuery" : "leb",
    "searchInteractionURIs" : [
    ]
  },
  {
    "platform" : "",
    "searchTime" : "2025-06-01T19:59:25.465Z[UTC]",
    "searchQuery" : "leb",
    "searchInteractionURIs" : [
    ]
  },
  {
    "platform" : "IPHONE",
    "searchTime" : "2025-06-01T19:59:25.778Z[UTC]",
    "searchQuery" : "lebron",
    "searchInteractionURIs" : [
      "spotify:playlist:3NPFPmorJQcOWhQEydFHF8",
      "spotify:track:1Pcy49pDGFY6ghIHNYHZ2J"
    ]
  },
  {
    "platform" : "",
    "searchTime" : "2025-06-01T22:31:52.907Z[UTC]",
    "searchQuery" : "s",
    "searchInteractionURIs" : [
    ]
  },
  {
    "platform" : "",
    "searchTime" : "2025-06-01T22:31:52.988Z[UTC]",
    "searchQuery" : "s",
    "searchInteractionURIs" : [
    ]
  },
  {
    "platform" : "",
    "searchTime" : "2025-06-01T22:31:53.201Z[UTC]",
    "searchQuery" : "sp",
    "searchInteractionURIs" : [
    ]
  },
  {
    "platform" : "",
    "searchTime" : "2025-06-01T22:31:53.209Z[UTC]",
    "searchQuery" : "spo",
    "searchInteractionURIs" : [
    ]
  },
  {
    "platform" : "",
    "searchTime" : "2025-06-01T22:31:53.278Z[UTC]",
    "searchQuery" : "sp",
    "searchInteractionURIs" : [
    ]
  },
  {
    "platform" : "",
    "searchTime" : "2025-06-01T22:31:53.284Z[UTC]",
    "searchQuery" : "spon",
    "searchInteractionURIs" : [
    ]
  },
  {
    "platform" : "",
    "searchTime" : "2025-06-01T22:31:53.290Z[UTC]",
    "searchQuery" : "spo",
    "searchInteractionURIs" : [
    ]
  },
  {
    "platform" : "",
    "searchTime" : "2025-06-01T22:31:53.451Z[UTC]",
    "searchQuery" : "spong",
    "searchInteractionURIs" : [
    ]
  },
  {
    "platform" : "",
    "searchTime" : "2025-06-01T22:31:53.462Z[UTC]",
    "searchQuery" : "spon",
    "searchInteractionURIs" : [
    ]
  },
  {
    "platform" : "",
    "searchTime" : "2025-06-01T22:31:53.518Z[UTC]",
    "searchQuery" : "spong",
    "searchInteractionURIs" : [
    ]
  },
  {
    "platform" : "",
    "searchTime" : "2025-06-01T22:31:53.534Z[UTC]",
    "searchQuery" : "sponge",
    "searchInteractionURIs" : [
    ]
  },
  {
    "platform" : "",
    "searchTime" : "2025-06-01T22:31:53.602Z[UTC]",
    "searchQuery" : "sponge",
    "searchInteractionURIs" : [
    ]
  },
  {
    "platform" : "",
    "searchTime" : "2025-06-01T22:31:53.739Z[UTC]",
    "searchQuery" : "spongeb",
    "searchInteractionURIs" : [
    ]
  },
  {
    "platform" : "",
    "searchTime" : "2025-06-01T22:31:53.807Z[UTC]",
    "searchQuery" : "spongeb",
    "searchInteractionURIs" : [
    ]
  },
  {
    "platform" : "",
    "searchTime" : "2025-06-01T22:31:53.933Z[UTC]",
    "searchQuery" : "spongebo",
    "searchInteractionURIs" : [
    ]
  },
  {
    "platform" : "",
    "searchTime" : "2025-06-01T22:31:54.010Z[UTC]",
    "searchQuery" : "spongebo",
    "searchInteractionURIs" : [
    ]
  },
  {
    "platform" : "",
    "searchTime" : "2025-06-01T22:31:54.043Z[UTC]",
    "searchQuery" : "spongebob",
    "searchInteractionURIs" : [
    ]
  },
  {
    "platform" : "",
    "searchTime" : "2025-06-01T22:31:54.119Z[UTC]",
    "searchQuery" : "spongebob",
    "searchInteractionURIs" : [
    ]
  },
  {
    "platform" : "",
    "searchTime" : "2025-06-01T22:31:54.146Z[UTC]",
    "searchQuery" : "spongebob ",
    "searchInteractionURIs" : [
    ]
  },
  {
    "platform" : "",
    "searchTime" : "2025-06-01T22:31:54.297Z[UTC]",
    "searchQuery" : "spongebob ",
    "searchInteractionURIs" : [
    ]
  },
  {
    "platform" : "",
    "searchTime" : "2025-06-01T22:31:54.432Z[UTC]",
    "searchQuery" : "spongebob p",
    "searchInteractionURIs" : [
    ]
  },
  {
    "platform" : "",
    "searchTime" : "2025-06-01T22:31:54.505Z[UTC]",
    "searchQuery" : "spongebob p",
    "searchInteractionURIs" : [
    ]
  },
  {
    "platform" : "",
    "searchTime" : "2025-06-01T22:31:54.596Z[UTC]",
    "searchQuery" : "spongebob po",
    "searchInteractionURIs" : [
    ]
  },
  {
    "platform" : "",
    "searchTime" : "2025-06-01T22:31:54.672Z[UTC]",
    "searchQuery" : "spongebob po",
    "searchInteractionURIs" : [
    ]
  },
  {
    "platform" : "",
    "searchTime" : "2025-06-01T22:31:54.794Z[UTC]",
    "searchQuery" : "spongebob pot",
    "searchInteractionURIs" : [
    ]
  },
  {
    "platform" : "",
    "searchTime" : "2025-06-01T22:31:54.864Z[UTC]",
    "searchQuery" : "spongebob pot",
    "searchInteractionURIs" : [
    ]
  },
  {
    "platform" : "",
    "searchTime" : "2025-06-01T22:31:54.961Z[UTC]",
    "searchQuery" : "spongebob potr",
    "searchInteractionURIs" : [
    ]
  },
  {
    "platform" : "",
    "searchTime" : "2025-06-01T22:31:54.999Z[UTC]",
    "searchQuery" : "spongebob potr",
    "searchInteractionURIs" : [
    ]
  },
  {
    "platform" : "",
    "searchTime" : "2025-06-01T22:31:55.430Z[UTC]",
    "searchQuery" : "spongebob pot",
    "searchInteractionURIs" : [
    ]
  },
  {
    "platform" : "",
    "searchTime" : "2025-06-01T22:31:55.480Z[UTC]",
    "searchQuery" : "spongebob pot",
    "searchInteractionURIs" : [
    ]
  },
  {
    "platform" : "",
    "searchTime" : "2025-06-01T22:31:55.531Z[UTC]",
    "searchQuery" : "spongebob po",
    "searchInteractionURIs" : [
    ]
  },
  {
    "platform" : "",
    "searchTime" : "2025-06-01T22:31:55.575Z[UTC]",
    "searchQuery" : "spongebob po",
    "searchInteractionURIs" : [
    ]
  },
  {
    "platform" : "",
    "searchTime" : "2025-06-01T22:31:55.740Z[UTC]",
    "searchQuery" : "spongebob por",
    "searchInteractionURIs" : [
    ]
  },
  {
    "platform" : "",
    "searchTime" : "2025-06-01T22:31:55.862Z[UTC]",
    "searchQuery" : "spongebob por",
    "searchInteractionURIs" : [
    ]
  },
  {
    "platform" : "",
    "searchTime" : "2025-06-01T22:31:55.897Z[UTC]",
    "searchQuery" : "spongebob port",
    "searchInteractionURIs" : [
    ]
  },
  {
    "platform" : "",
    "searchTime" : "2025-06-01T22:31:55.944Z[UTC]",
    "searchQuery" : "spongebob port",
    "searchInteractionURIs" : [
    ]
  },
  {
    "platform" : "",
    "searchTime" : "2025-06-01T22:31:58.230Z[UTC]",
    "searchQuery" : "spongebob portu",
    "searchInteractionURIs" : [
    ]
  },
  {
    "platform" : "",
    "searchTime" : "2025-06-01T22:31:58.434Z[UTC]",
    "searchQuery" : "spongebob portug",
    "searchInteractionURIs" : [
    ]
  },
  {
    "platform" : "",
    "searchTime" : "2025-06-01T22:31:58.440Z[UTC]",
    "searchQuery" : "spongebob portug",
    "searchInteractionURIs" : [
    ]
  },
  {
    "platform" : "",
    "searchTime" : "2025-06-01T22:31:58.447Z[UTC]",
    "searchQuery" : "spongebob portu",
    "searchInteractionURIs" : [
    ]
  },
  {
    "platform" : "",
    "searchTime" : "2025-06-01T22:31:58.601Z[UTC]",
    "searchQuery" : "spongebob portuge",
    "searchInteractionURIs" : [
    ]
  },
  {
    "platform" : "",
    "searchTime" : "2025-06-01T22:31:58.607Z[UTC]",
    "searchQuery" : "spongebob portuge",
    "searchInteractionURIs" : [
    ]
  },
  {
    "platform" : "",
    "searchTime" : "2025-06-01T22:31:58.639Z[UTC]",
    "searchQuery" : "spongebob portuga",
    "searchInteractionURIs" : [
    ]
  },
  {
    "platform" : "",
    "searchTime" : "2025-06-01T22:32:04.592Z[UTC]",
    "searchQuery" : "s",
    "searchInteractionURIs" : [
    ]
  },
  {
    "platform" : "",
    "searchTime" : "2025-06-01T22:32:04.674Z[UTC]",
    "searchQuery" : "sp",
    "searchInteractionURIs" : [
    ]
  },
  {
    "platform" : "",
    "searchTime" : "2025-06-01T22:32:04.757Z[UTC]",
    "searchQuery" : "sp",
    "searchInteractionURIs" : [
    ]
  },
  {
    "platform" : "",
    "searchTime" : "2025-06-01T22:32:04.857Z[UTC]",
    "searchQuery" : "s",
    "searchInteractionURIs" : [
    ]
  },
  {
    "platform" : "",
    "searchTime" : "2025-06-01T22:32:04.872Z[UTC]",
    "searchQuery" : "spo",
    "searchInteractionURIs" : [
    ]
  },
  {
    "platform" : "",
    "searchTime" : "2025-06-01T22:32:04.941Z[UTC]",
    "searchQuery" : "spo",
    "searchInteractionURIs" : [
    ]
  },
  {
    "platform" : "",
    "searchTime" : "2025-06-01T22:32:05.181Z[UTC]",
    "searchQuery" : "spong",
    "searchInteractionURIs" : [
    ]
  },
  {
    "platform" : "",
    "searchTime" : "2025-06-01T22:32:05.240Z[UTC]",
    "searchQuery" : "spong",
    "searchInteractionURIs" : [
    ]
  },
  {
    "platform" : "IPHONE_ARM64",
    "searchTime" : "2025-06-01T22:32:05.293Z[UTC]",
    "searchQuery" : "spon",
    "searchInteractionURIs" : [
    ]
  },
  {
    "platform" : "",
    "searchTime" : "2025-06-01T22:32:05.312Z[UTC]",
    "searchQuery" : "sponge",
    "searchInteractionURIs" : [
    ]
  },
  {
    "platform" : "",
    "searchTime" : "2025-06-01T22:32:05.353Z[UTC]",
    "searchQuery" : "spongeb",
    "searchInteractionURIs" : [
    ]
  },
  {
    "platform" : "",
    "searchTime" : "2025-06-01T22:32:05.372Z[UTC]",
    "searchQuery" : "sponge",
    "searchInteractionURIs" : [
    ]
  },
  {
    "platform" : "",
    "searchTime" : "2025-06-01T22:32:05.423Z[UTC]",
    "searchQuery" : "spongeb",
    "searchInteractionURIs" : [
    ]
  },
  {
    "platform" : "",
    "searchTime" : "2025-06-01T22:32:05.873Z[UTC]",
    "searchQuery" : "spongebob",
    "searchInteractionURIs" : [
    ]
  },
  {
    "platform" : "IPHONE_ARM64",
    "searchTime" : "2025-06-01T22:32:05.887Z[UTC]",
    "searchQuery" : "spongebo",
    "searchInteractionURIs" : [
    ]
  },
  {
    "platform" : "",
    "searchTime" : "2025-06-01T22:32:05.949Z[UTC]",
    "searchQuery" : "spongebob",
    "searchInteractionURIs" : [
    ]
  },
  {
    "platform" : "",
    "searchTime" : "2025-06-01T22:32:05.951Z[UTC]",
    "searchQuery" : "spongebob ",
    "searchInteractionURIs" : [
    ]
  },
  {
    "platform" : "",
    "searchTime" : "2025-06-01T22:32:06.023Z[UTC]",
    "searchQuery" : "spongebob ",
    "searchInteractionURIs" : [
    ]
  },
  {
    "platform" : "",
    "searchTime" : "2025-06-01T22:32:06.147Z[UTC]",
    "searchQuery" : "spongebob g",
    "searchInteractionURIs" : [
    ]
  },
  {
    "platform" : "",
    "searchTime" : "2025-06-01T22:32:06.228Z[UTC]",
    "searchQuery" : "spongebob g",
    "searchInteractionURIs" : [
    ]
  },
  {
    "platform" : "",
    "searchTime" : "2025-06-01T22:32:06.486Z[UTC]",
    "searchQuery" : "spongebob ger",
    "searchInteractionURIs" : [
    ]
  },
  {
    "platform" : "",
    "searchTime" : "2025-06-01T22:32:06.543Z[UTC]",
    "searchQuery" : "spongebob ger",
    "searchInteractionURIs" : [
    ]
  },
  {
    "platform" : "IPHONE_ARM64",
    "searchTime" : "2025-06-01T22:32:06.758Z[UTC]",
    "searchQuery" : "spongebob ge",
    "searchInteractionURIs" : [
    ]
  },
  {
    "platform" : "",
    "searchTime" : "2025-06-01T22:32:06.853Z[UTC]",
    "searchQuery" : "spongebob germa",
    "searchInteractionURIs" : [
    ]
  },
  {
    "platform" : "IPHONE_ARM64",
    "searchTime" : "2025-06-01T22:32:06.890Z[UTC]",
    "searchQuery" : "spongebob germ",
    "searchInteractionURIs" : [
    ]
  },
  {
    "platform" : "",
    "searchTime" : "2025-06-01T22:32:06.892Z[UTC]",
    "searchQuery" : "spongebob german",
    "searchInteractionURIs" : [
    ]
  },
  {
    "platform" : "",
    "searchTime" : "2025-06-01T22:32:06.909Z[UTC]",
    "searchQuery" : "spongebob germa",
    "searchInteractionURIs" : [
    ]
  },
  {
    "platform" : "",
    "searchTime" : "2025-06-01T22:32:07.076Z[UTC]",
    "searchQuery" : "spongebob german",
    "searchInteractionURIs" : [
    ]
  },
  {
    "platform" : "",
    "searchTime" : "2025-06-01T22:32:50.760Z[UTC]",
    "searchQuery" : "spongebob germa",
    "searchInteractionURIs" : [
    ]
  },
  {
    "platform" : "",
    "searchTime" : "2025-06-01T22:32:50.804Z[UTC]",
    "searchQuery" : "spongebob germa",
    "searchInteractionURIs" : [
    ]
  },
  {
    "platform" : "",
    "searchTime" : "2025-06-01T22:32:50.883Z[UTC]",
    "searchQuery" : "spongebob germ",
    "searchInteractionURIs" : [
    ]
  },
  {
    "platform" : "",
    "searchTime" : "2025-06-01T22:32:50.924Z[UTC]",
    "searchQuery" : "spongebob germ",
    "searchInteractionURIs" : [
    ]
  },
  {
    "platform" : "",
    "searchTime" : "2025-06-01T22:32:51.064Z[UTC]",
    "searchQuery" : "spongebob ger",
    "searchInteractionURIs" : [
    ]
  },
  {
    "platform" : "",
    "searchTime" : "2025-06-01T22:32:51.118Z[UTC]",
    "searchQuery" : "spongebob ger",
    "searchInteractionURIs" : [
    ]
  },
  {
    "platform" : "",
    "searchTime" : "2025-06-01T22:32:51.384Z[UTC]",
    "searchQuery" : "spongebob g",
    "searchInteractionURIs" : [
    ]
  },
  {
    "platform" : "IPHONE_ARM64",
    "searchTime" : "2025-06-01T22:32:51.412Z[UTC]",
    "searchQuery" : "spongebob ge",
    "searchInteractionURIs" : [
    ]
  },
  {
    "platform" : "",
    "searchTime" : "2025-06-01T22:32:51.452Z[UTC]",
    "searchQuery" : "spongebob g",
    "searchInteractionURIs" : [
    ]
  },
  {
    "platform" : "",
    "searchTime" : "2025-06-01T22:32:51.912Z[UTC]",
    "searchQuery" : "spongebob ",
    "searchInteractionURIs" : [
    ]
  },
  {
    "platform" : "",
    "searchTime" : "2025-06-01T22:32:51.969Z[UTC]",
    "searchQuery" : "spongebob ",
    "searchInteractionURIs" : [
    ]
  },
  {
    "platform" : "",
    "searchTime" : "2025-06-01T22:32:52.152Z[UTC]",
    "searchQuery" : "spongebob d",
    "searchInteractionURIs" : [
    ]
  },
  {
    "platform" : "",
    "searchTime" : "2025-06-01T22:32:52.227Z[UTC]",
    "searchQuery" : "spongebob s",
    "searchInteractionURIs" : [
    ]
  },
  {
    "platform" : "",
    "searchTime" : "2025-06-01T22:32:52.241Z[UTC]",
    "searchQuery" : "spongebob d",
    "searchInteractionURIs" : [
    ]
  },
  {
    "platform" : "",
    "searchTime" : "2025-06-01T22:32:52.388Z[UTC]",
    "searchQuery" : "spongebob de",
    "searchInteractionURIs" : [
    ]
  },
  {
    "platform" : "",
    "searchTime" : "2025-06-01T22:32:52.472Z[UTC]",
    "searchQuery" : "spongebob de",
    "searchInteractionURIs" : [
    ]
  },
  {
    "platform" : "",
    "searchTime" : "2025-06-01T22:32:52.541Z[UTC]",
    "searchQuery" : "spongebob deu",
    "searchInteractionURIs" : [
    ]
  },
  {
    "platform" : "",
    "searchTime" : "2025-06-01T22:32:52.600Z[UTC]",
    "searchQuery" : "spongebob deu",
    "searchInteractionURIs" : [
    ]
  },
  {
    "platform" : "",
    "searchTime" : "2025-06-01T22:32:52.847Z[UTC]",
    "searchQuery" : "spongebob deut",
    "searchInteractionURIs" : [
    ]
  },
  {
    "platform" : "",
    "searchTime" : "2025-06-01T22:32:52.886Z[UTC]",
    "searchQuery" : "spongebob deut",
    "searchInteractionURIs" : [
    ]
  },
  {
    "platform" : "",
    "searchTime" : "2025-06-01T22:32:53.440Z[UTC]",
    "searchQuery" : "spongebob deuts",
    "searchInteractionURIs" : [
    ]
  },
  {
    "platform" : "",
    "searchTime" : "2025-06-01T22:32:53.668Z[UTC]",
    "searchQuery" : "spongebob deuts",
    "searchInteractionURIs" : [
    ]
  },
  {
    "platform" : "",
    "searchTime" : "2025-06-01T22:32:53.791Z[UTC]",
    "searchQuery" : "spongebob deutsc",
    "searchInteractionURIs" : [
    ]
  },
  {
    "platform" : "",
    "searchTime" : "2025-06-01T22:32:53.814Z[UTC]",
    "searchQuery" : "spongebob deutsc",
    "searchInteractionURIs" : [
    ]
  },
  {
    "platform" : "",
    "searchTime" : "2025-06-01T22:32:53.848Z[UTC]",
    "searchQuery" : "spongebob deutsch",
    "searchInteractionURIs" : [
    ]
  },
  {
    "platform" : "",
    "searchTime" : "2025-06-01T22:32:53.859Z[UTC]",
    "searchQuery" : "spongebob deutsch",
    "searchInteractionURIs" : [
    ]
  },
  {
    "platform" : "WIN32_X86_64",
    "searchTime" : "2025-06-15T16:21:49.406Z[UTC]",
    "searchQuery" : "summe",
    "searchInteractionURIs" : [
    ]
  },
  {
    "platform" : "",
    "searchTime" : "2025-06-15T16:21:49.463Z[UTC]",
    "searchQuery" : "summe",
    "searchInteractionURIs" : [
    ]
  },
  {
    "platform" : "",
    "searchTime" : "2025-06-15T16:21:49.697Z[UTC]",
    "searchQuery" : "summer hits",
    "searchInteractionURIs" : [
    ]
  },
  {
    "platform" : "",
    "searchTime" : "2025-06-15T16:21:49.785Z[UTC]",
    "searchQuery" : "summer hits",
    "searchInteractionURIs" : [
    ]
  },
  {
    "platform" : "",
    "searchTime" : "2025-06-15T16:21:50.083Z[UTC]",
    "searchQuery" : "summer hits",
    "searchInteractionURIs" : [
    ]
  },
  {
    "platform" : "",
    "searchTime" : "2025-06-16T18:26:04.578Z[UTC]",
    "searchQuery" : "ta",
    "searchInteractionURIs" : [
    ]
  },
  {
    "platform" : "",
    "searchTime" : "2025-06-16T18:26:04.657Z[UTC]",
    "searchQuery" : "ta",
    "searchInteractionURIs" : [
    ]
  },
  {
    "platform" : "IPHONE",
    "searchTime" : "2025-06-16T18:26:05.138Z[UTC]",
    "searchQuery" : "tame",
    "searchInteractionURIs" : [
      "spotify:artist:5INjqkS1o8h1imAzPqGZBb"
    ]
  },
  {
    "platform" : "IPHONE",
    "searchTime" : "2025-06-17T12:03:15.341Z[UTC]",
    "searchQuery" : "ketta",
    "searchInteractionURIs" : [
      "spotify:artist:3an9rnsXKPCAMlZgH4A0n4"
    ]
  },
  {
    "platform" : "IPHONE",
    "searchTime" : "2025-06-17T12:06:10.415Z[UTC]",
    "searchQuery" : "intepl",
    "searchInteractionURIs" : [
      "spotify:search:interplanetary+criminal"
    ]
  },
  {
    "platform" : "IPHONE",
    "searchTime" : "2025-06-17T12:06:11.488Z[UTC]",
    "searchQuery" : "interplanetary criminal",
    "searchInteractionURIs" : [
      "spotify:artist:6uJ51uV5rYzu1MJkC4CceI"
    ]
  },
  {
    "platform" : "",
    "searchTime" : "2025-06-17T13:26:14.269Z[UTC]",
    "searchQuery" : "angus stone",
    "searchInteractionURIs" : [
    ]
  },
  {
    "platform" : "",
    "searchTime" : "2025-06-17T13:26:14.353Z[UTC]",
    "searchQuery" : "angus stone",
    "searchInteractionURIs" : [
    ]
  },
  {
    "platform" : "",
    "searchTime" : "2025-06-17T13:26:14.708Z[UTC]",
    "searchQuery" : "angus stone",
    "searchInteractionURIs" : [
    ]
  },
  {
    "platform" : "",
    "searchTime" : "2025-06-17T19:15:27.693Z[UTC]",
    "searchQuery" : "interplanetary criminal",
    "searchInteractionURIs" : [
    ]
  },
  {
    "platform" : "",
    "searchTime" : "2025-06-18T13:50:14.169Z[UTC]",
    "searchQuery" : "ha",
    "searchInteractionURIs" : [
    ]
  },
  {
    "platform" : "",
    "searchTime" : "2025-06-18T13:50:14.269Z[UTC]",
    "searchQuery" : "ha",
    "searchInteractionURIs" : [
    ]
  },
  {
    "platform" : "",
    "searchTime" : "2025-06-18T13:50:17.391Z[UTC]",
    "searchQuery" : "ha",
    "searchInteractionURIs" : [
    ]
  },
  {
    "platform" : "",
    "searchTime" : "2025-06-18T13:50:17.463Z[UTC]",
    "searchQuery" : "ha",
    "searchInteractionURIs" : [
    ]
  },
  {
    "platform" : "",
    "searchTime" : "2025-06-18T13:50:17.582Z[UTC]",
    "searchQuery" : "h",
    "searchInteractionURIs" : [
    ]
  },
  {
    "platform" : "",
    "searchTime" : "2025-06-18T13:50:17.657Z[UTC]",
    "searchQuery" : "h",
    "searchInteractionURIs" : [
    ]
  },
  {
    "platform" : "",
    "searchTime" : "2025-06-18T13:50:18.270Z[UTC]",
    "searchQuery" : "th",
    "searchInteractionURIs" : [
    ]
  },
  {
    "platform" : "",
    "searchTime" : "2025-06-18T13:50:18.361Z[UTC]",
    "searchQuery" : "th",
    "searchInteractionURIs" : [
    ]
  },
  {
    "platform" : "",
    "searchTime" : "2025-06-18T13:50:19.137Z[UTC]",
    "searchQuery" : "the satt",
    "searchInteractionURIs" : [
    ]
  },
  {
    "platform" : "",
    "searchTime" : "2025-06-18T13:50:19.226Z[UTC]",
    "searchQuery" : "the satt",
    "searchInteractionURIs" : [
    ]
  },
  {
    "platform" : "",
    "searchTime" : "2025-06-18T13:50:19.267Z[UTC]",
    "searchQuery" : "the batt",
    "searchInteractionURIs" : [
    ]
  },
  {
    "platform" : "IPHONE",
    "searchTime" : "2025-06-18T13:50:19.671Z[UTC]",
    "searchQuery" : "the satts",
    "searchInteractionURIs" : [
      "spotify:track:4RHEwMchxZX35aC3v8kG2G"
    ]
  },
  {
    "platform" : "",
    "searchTime" : "2025-06-20T12:05:38.218Z[UTC]",
    "searchQuery" : "st",
    "searchInteractionURIs" : [
    ]
  },
  {
    "platform" : "",
    "searchTime" : "2025-06-20T12:05:38.310Z[UTC]",
    "searchQuery" : "st",
    "searchInteractionURIs" : [
    ]
  },
  {
    "platform" : "",
    "searchTime" : "2025-06-20T12:05:38.852Z[UTC]",
    "searchQuery" : "still",
    "searchInteractionURIs" : [
    ]
  },
  {
    "platform" : "",
    "searchTime" : "2025-06-20T12:05:38.945Z[UTC]",
    "searchQuery" : "still",
    "searchInteractionURIs" : [
    ]
  },
  {
    "platform" : "IPHONE",
    "searchTime" : "2025-06-20T12:05:40.108Z[UTC]",
    "searchQuery" : "still woozy",
    "searchInteractionURIs" : [
      "spotify:artist:4iMO20EPodreIaEl8qW66y"
    ]
  },
  {
    "platform" : "",
    "searchTime" : "2025-06-21T10:28:48.122Z[UTC]",
    "searchQuery" : "the satts",
    "searchInteractionURIs" : [
    ]
  },
  {
    "platform" : "",
    "searchTime" : "2025-06-21T10:28:48.192Z[UTC]",
    "searchQuery" : "the satts",
    "searchInteractionURIs" : [
    ]
  },
  {
    "platform" : "",
    "searchTime" : "2025-06-21T10:28:48.242Z[UTC]",
    "searchQuery" : "the watts",
    "searchInteractionURIs" : [
    ]
  },
  {
    "platform" : "",
    "searchTime" : "2025-06-21T10:28:55.845Z[UTC]",
    "searchQuery" : "the satts",
    "searchInteractionURIs" : [
    ]
  },
  {
    "platform" : "",
    "searchTime" : "2025-06-21T10:28:55.905Z[UTC]",
    "searchQuery" : "the satts",
    "searchInteractionURIs" : [
    ]
  },
  {
    "platform" : "",
    "searchTime" : "2025-06-21T10:28:55.923Z[UTC]",
    "searchQuery" : "the watts",
    "searchInteractionURIs" : [
    ]
  }
]