[
  {
    "endTime" : "2024-08-13 11:13",
    "podcastName" : "ExtinctZoo",
    "episodeName" : "The Strange Dinosaurs No One Talks About...",
    "msPlayed" : 482
  },
  {
    "endTime" : "2024-08-14 01:11",
    "podcastName" : "ExtinctZoo",
    "episodeName" : "The Strange Dinosaurs No One Talks About...",
    "msPlayed" : 0
  },
  {
    "endTime" : "2024-08-14 03:05",
    "podcastName" : "ExtinctZoo",
    "episodeName" : "The Strange Dinosaurs No One Talks About...",
    "msPlayed" : 12001
  },
  {
    "endTime" : "2024-08-14 03:24",
    "podcastName" : "ExtinctZoo",
    "episodeName" : "The Strange Dinosaurs No One Talks About...",
    "msPlayed" : 0
  },
  {
    "endTime" : "2024-08-14 03:28",
    "podcastName" : "ExtinctZoo",
    "episodeName" : "The Strange Dinosaurs No One Talks About...",
    "msPlayed" : 4438
  },
  {
    "endTime" : "2024-10-03 07:52",
    "podcastName" : "hot wings",
    "episodeName" : "rio l i wanna party",
    "msPlayed" : 161859
  },
  {
    "endTime" : "2025-01-08 03:48",
    "podcastName" : "Billions Club: The Series",
    "episodeName" : "Billions Club Live with The Weeknd: A Concert Film",
    "msPlayed" : 0
  },
  {
    "endTime" : "2025-01-08 14:13",
    "podcastName" : "Billions Club: The Series",
    "episodeName" : "Billions Club Live with The Weeknd: A Concert Film",
    "msPlayed" : 14014
  },
  {
    "endTime" : "2025-01-10 02:21",
    "podcastName" : "Billions Club: The Series",
    "episodeName" : "Billions Club Live with The Weeknd: A Concert Film",
    "msPlayed" : 0
  },
  {
    "endTime" : "2025-03-28 19:34",
    "podcastName" : "The Tiny Meat Gang Podcast",
    "episodeName" : "376: Week 12 of Fatherhood",
    "msPlayed" : 0
  },
  {
    "endTime" : "2025-04-10 22:08",
    "podcastName" : "Skibidi Fortnite",
    "episodeName" : "tv off - Lebron James remix",
    "msPlayed" : 65573
  },
  {
    "endTime" : "2025-04-10 22:14",
    "podcastName" : "Random Stuff",
    "episodeName" : "LeBron James - They Not Like Bron",
    "msPlayed" : 141432
  },
  {
    "endTime" : "2025-04-25 20:29",
    "podcastName" : "Szene Isch NBA",
    "episodeName" : "Trailer",
    "msPlayed" : 2112
  },
  {
    "endTime" : "2025-04-25 23:30",
    "podcastName" : "Szene Isch NBA",
    "episodeName" : "Trailer",
    "msPlayed" : 54984
  },
  {
    "endTime" : "2025-04-25 23:31",
    "podcastName" : "Szene Isch NBA",
    "episodeName" : "Playoff Notebook #1",
    "msPlayed" : 30659
  },
  {
    "endTime" : "2025-05-12 13:57",
    "podcastName" : "Chat With Traders",
    "episodeName" : "180: Larry Hite – Reflection on Markets & Life—With a Man Who’s Had Vast Financial Success",
    "msPlayed" : 5120
  },
  {
    "endTime" : "2025-05-12 13:57",
    "podcastName" : "Chat With Traders",
    "episodeName" : "178: Nick Radge – The Blueprint: Create a Simple Trend Following System",
    "msPlayed" : 0
  },
  {
    "endTime" : "2025-05-12 14:00",
    "podcastName" : "Chat With Traders",
    "episodeName" : "160: Kimberly Trautmann – Why Trading Powerhouse, DRW, is Directing Profits into Venture Capital",
    "msPlayed" : 25962
  },
  {
    "endTime" : "2025-05-12 14:01",
    "podcastName" : "Chat With Traders",
    "episodeName" : "118: Manoj Narang – Trading Technology, Alternative Data and Originality",
    "msPlayed" : 27541
  },
  {
    "endTime" : "2025-05-12 14:21",
    "podcastName" : "Chat With Traders",
    "episodeName" : "183: Gregory Zuckerman – Jim Simons—The Pinnacle of Trading Greatness",
    "msPlayed" : 652991
  },
  {
    "endTime" : "2025-05-12 15:02",
    "podcastName" : "Flirting with Models",
    "episodeName" : "Giuseppe Paleologo - Multi-Manager Hedge Funds & Thinking Deeply About Simple Things (S7E11)",
    "msPlayed" : 2250197
  },
  {
    "endTime" : "2025-06-01 22:32",
    "podcastName" : "drvishnuz podcast",
    "episodeName" : "Hitler's speech",
    "msPlayed" : 33922
  },
  {
    "endTime" : "2025-06-03 19:23",
    "podcastName" : "The Nine Club With Chris Roberts",
    "episodeName" : "#370 - Matt Bennett",
    "msPlayed" : 0
  },
  {
    "endTime" : "2025-06-03 20:16",
    "podcastName" : "The Nine Club With Chris Roberts",
    "episodeName" : "#370 - Matt Bennett",
    "msPlayed" : 561
  },
  {
    "endTime" : "2025-06-04 14:35",
    "podcastName" : "The Nine Club With Chris Roberts",
    "episodeName" : "#370 - Matt Bennett",
    "msPlayed" : 5604
  }
]