{
  "topArtists": {
    "numUniqueArtists": 1295,
    "topArtists": [
      {
        "artistUri": "spotify:artist:2RQXRUsr4IW1f3mKyKsy4B"
      },
      {
        "artistUri": "spotify:artist:40ZNYROS4zLfyyBSs2PGe2"
      },
      {
        "artistUri": "spotify:artist:5INjqkS1o8h1imAzPqGZBb"
      },
      {
        "artistUri": "spotify:artist:5b5bt4mZQpJMoCRbiQ7diH"
      },
      {
        "artistUri": "spotify:artist:587PA35pRGL1JwQr6idJbb"
      }
    ],
    "topArtistMilliseconds": 539282398,
    "topArtistFanPercentage": 3.7673896E-4
  },
  "topPodcasts": {
    "topPodcastsUri": [
    ],
    "topPodcastPercentage": 0.0,
    "totalPodcastMilliseconds": 7458626
  },
  "topTracks": {
    "topTracks": [
      "spotify:track:2dono2Koz7DEvGwxUsmMLq",
      "spotify:track:42VheBRn80sS1on55cL7HQ",
      "spotify:track:0AjmK0Eai4zGrLaJwPvrDp",
      "spotify:track:5J59tqY0Ad4r27tJJajzyB",
      "spotify:track:0mflMxspEfB0VbI1kyLiAv"
    ],
    "topTrackPlayCount": 316,
    "topTrackFirstPlayedDate": "2024-06-03",
    "distinctTracksPlayed": 2695
  },
  "yearlyMetrics": {
    "totalMsListened": 5640255773,
    "mostListenedDay": "2024-04-14",
    "mostListenedDayMinutes": 1188.3256,
    "percentGreaterThanWorldwideUsers": 99.03354
  },
  "musicEvolution": {
    "eras": [
      {
        "key": "0",
        "peakMonth": 3,
        "color": "yellow-green",
        "genre": "australian indie",
        "mood": "van life",
        "descriptor": "beach",
        "pivotalArtists": [
          "spotify:artist:18lpwfiys4GtdHWNUu9qQr",
          "spotify:artist:5dbCgsqzVweFpd1yYHv3Bz",
          "spotify:artist:6yrtCy4XJHXM6tczo4RlTs"
        ],
        "tracks": [
          {
            "trackName": "Our Paradise",
            "trackUri": "spotify:track:0da8z3hA1tZGF9L8tgiKSY"
          },
          {
            "trackName": "Marinade",
            "trackUri": "spotify:track:2OFUamird9l49tMtwf8w3l"
          },
          {
            "trackName": "Used to Be in Love",
            "trackUri": "spotify:track:290xSzR8Ee9fm82poMg4od"
          }
        ]
      },
      {
        "key": "1",
        "peakMonth": 7,
        "color": "red-yellow",
        "genre": "pop",
        "mood": "pink pilates princess",
        "descriptor": "strut",
        "pivotalArtists": [
          "spotify:artist:1McMsnEElThX1knmY4oliG",
          "spotify:artist:74KM79TiuVKeVCqs8QtB0B",
          "spotify:artist:6qqNVTkY8uBg9cP3Jd7DAH"
        ],
        "tracks": [
          {
            "trackName": "BIRDS OF A FEATHER",
            "trackUri": "spotify:track:6dOtVTDdiauQNBQEDOtlAB"
          },
          {
            "trackName": "vampire",
            "trackUri": "spotify:track:1kuGVB7EU95pJObxwvfwKS"
          },
          {
            "trackName": "lacy",
            "trackUri": "spotify:track:6QT6j7rKt7Vk3IuV2AUO9W"
          }
        ]
      },
      {
        "key": "2",
        "peakMonth": 8,
        "color": "yellow-green",
        "genre": "indie",
        "mood": "weirdcore",
        "descriptor": "permanent wave",
        "pivotalArtists": [
          "spotify:artist:5b5bt4mZQpJMoCRbiQ7diH",
          "spotify:artist:5INjqkS1o8h1imAzPqGZBb",
          "spotify:artist:6USv9qhCn6zfxlBQIYJ9qs"
        ],
        "tracks": [
          {
            "trackName": "Linger - SiriusXM Session",
            "trackUri": "spotify:track:2dono2Koz7DEvGwxUsmMLq"
          },
          {
            "trackName": "Heading For The Door - SiriusXM Session",
            "trackUri": "spotify:track:42VheBRn80sS1on55cL7HQ"
          },
          {
            "trackName": "Disciples",
            "trackUri": "spotify:track:2gNfxysfBRfl9Lvi9T3v6R"
          }
        ]
      }
    ]
  }
}