{
  "tracks": [
    {
      "artist": "Steve Lacy",
      "album": "Dark Red",
      "track": "Dark Red",
      "uri": "spotify:track:3EaJDYHA0KnX88JvDhL9oa"
    },
    {
      "artist": "Beach Weather",
      "album": "Chit Chat",
      "track": "Sex, Drugs, Etc.",
      "uri": "spotify:track:7DbdUf8aHSYoliSjO6LZv6"
    },
    {
      "artist": "Of Monsters and Men",
      "album": "My Head Is An Animal",
      "track": "Little Talks",
      "uri": "spotify:track:2ihCaVdNZmnHZWt0fvAM7B"
    },
    {
      "artist": "Kendrick Lamar",
      "album": "good kid, m.A.A.d city",
      "track": "Money Trees",
      "uri": "spotify:track:74tLlkN3rgVzRqQJgPfink"
    },
    {
      "artist": "Hilltop Hoods",
      "album": "Drinking From The Sun, Walking Under Stars Restrung",
      "track": "1955",
      "uri": "spotify:track:6oSmp7qnvAxUXeUKhl67a6"
    },
    {
      "artist": "Steve Lacy",
      "album": "Gemini Rights",
      "track": "Bad Habit",
      "uri": "spotify:track:4k6Uh1HXdhtusDW5y8Gbvy"
    },
    {
      "artist": "Mike Posner",
      "album": "Cooler Than Me EP",
      "track": "Cooler Than Me (feat. Big Sean)",
      "uri": "spotify:track:2DPYlWl50ydYsnnuryL5aX"
    },
    {
      "artist": "The Fray",
      "album": "How To Save A Life",
      "track": "How to Save a Life",
      "uri": "spotify:track:5fVZC9GiM4e8vu99W0Xf6J"
    },
    {
      "artist": "Jack Johnson",
      "album": "Brushfire Fairytales",
      "track": "Flake",
      "uri": "spotify:track:3H7Uwnd6otphJsSBY2uSL6"
    },
    {
      "artist": "Arctic Monkeys",
      "album": "AM",
      "track": "Why'd You Only Call Me When You're High?",
      "uri": "spotify:track:48q0vSHcJdhK3IiXH8C5WJ"
    },
    {
      "artist": "Kid Cudi",
      "album": "Man On The Moon: The End Of Day",
      "track": "Man On The Moon",
      "uri": "spotify:track:78T9DulqSBWqkaxczcGBfk"
    },
    {
      "artist": "d4vd",
      "album": "Here With Me",
      "track": "Here With Me",
      "uri": "spotify:track:78Sw5GDo6AlGwTwanjXbGh"
    },
    {
      "artist": "Train",
      "album": "Drops Of Jupiter",
      "track": "Drops of Jupiter (Tell Me)",
      "uri": "spotify:track:2hKdd3qO7cWr2Jo0Bcs0MA"
    },
    {
      "artist": "The Killers",
      "album": "Hot Fuss",
      "track": "Somebody Told Me",
      "uri": "spotify:track:6PwjJ58I4t7Mae9xfZ9l9v"
    },
    {
      "artist": "Kid Cudi",
      "album": "Man On The Moon II: The Legend Of Mr. Rager",
      "track": "Mr. Rager",
      "uri": "spotify:track:393MDhe62s8hbH8ETrlxe5"
    },
    {
      "artist": "Rancid Eddie",
      "album": "Dry",
      "track": "Dry",
      "uri": "spotify:track:3iCvtDNqUzArhg5asqGktp"
    },
    {
      "artist": "Mac Miller",
      "album": "Circles",
      "track": "Good News",
      "uri": "spotify:track:1DWZUa5Mzf2BwzpHtgbHPY"
    },
    {
      "artist": "Mako Road",
      "album": "The Green Superintendent",
      "track": "The Green Superintendent",
      "uri": "spotify:track:6pPQPAKd5CAwmuNa1p48JS"
    },
    {
      "artist": "Mac Miller",
      "album": "K.I.D.S.",
      "track": "The Spins",
      "uri": "spotify:track:51pshtuYkgUQnt5huMPbKL"
    },
    {
      "artist": "The Killers",
      "album": "Hot Fuss",
      "track": "Mr. Brightside",
      "uri": "spotify:track:003vvx7Niy0yvhvHt4a68B"
    },
    {
      "artist": "Parcels",
      "album": "Overnight",
      "track": "Overnight",
      "uri": "spotify:track:0hhXziDUO0wNYPsstDQWN6"
    },
    {
      "artist": "Wiz Khalifa",
      "album": "The Thrill",
      "track": "The Thrill",
      "uri": "spotify:track:4wqzOaLxiCRy2Et8tRyNSX"
    },
    {
      "artist": "Tame Impala",
      "album": "Currents",
      "track": "The Less I Know The Better",
      "uri": "spotify:track:6K4t31amVTZDgR3sKmwUJJ"
    },
    {
      "artist": "Social House",
      "album": "Magic In The Hamptons (feat. Lil Yachty)",
      "track": "Magic In The Hamptons (feat. Lil Yachty)",
      "uri": "spotify:track:2Yer0p7uB2lVBUAtANuuQp"
    },
    {
      "artist": "Cage The Elephant",
      "album": "Melophobia",
      "track": "Cigarette Daydreams",
      "uri": "spotify:track:2tznHmp70DxMyr2XhWLOW0"
    },
    {
      "artist": "Milky Chance",
      "album": "Sadnecessary",
      "track": "Stolen Dance",
      "uri": "spotify:track:6vECYJHxYmm3Ydt3fF01pE"
    },
    {
      "artist": "Rex Orange County",
      "album": "Pony",
      "track": "Pluto Projector",
      "uri": "spotify:track:4EWBhKf1fOFnyMtUzACXEc"
    },
    {
      "artist": "Ralph Castelli",
      "album": "Morning Sex",
      "track": "Morning Sex",
      "uri": "spotify:track:1Qn7Jjvz4ndUyyAhbHRSHn"
    },
    {
      "artist": "Arctic Monkeys",
      "album": "AM",
      "track": "No. 1 Party Anthem",
      "uri": "spotify:track:6xOGRfEr41CdiSc3ifLels"
    }
  ],
  "albums": [
  ],
  "shows": [
  ],
  "episodes": [
  ],
  "bannedTracks": [
  ],
  "artists": [
  ],
  "bannedArtists": [
  ],
  "other": [
  ]
}