Profile Name,Icons
Dad,"[""AVATAR|1afbf460-25ff-11eb-9857-0e0bd87c0a79|en|AU|80988988"", ""AVATAR|14379961-36c7-11e8-b308-0e1f42e0af2a|en|US|80148069"", ""AVATAR|f4da2c70-6071-11e8-ba44-1287faf31054|en|AU|80075820"", ""icon25""]"
Josh,"[""AVATAR|9f6e62d1-25fc-11eb-96ab-122e8781c7cd|en|AU|80988988"", ""AVATAR|2b1a2b40-6621-11e9-a5e8-0a01408ed2ba|en|AU|80178943"", ""AVATAR|600cbae0-25fe-11eb-9528-0a53f6b52f21|en|AU|80988988"", ""AVATAR|bf9a7c60-4ff3-11e8-874e-0eb0fd1fe1cc|en|AU|70242311"", ""AVATAR|81c4b651-65c7-11e8-8610-0e2461de42ac|en|AU|80063599"", ""icon27""]"
Mum,"[""AVATAR|fe9439e0-25fe-11eb-8f66-1264d0e45ba9|en|AU|80988988"", ""AVATAR|449b47f1-65c5-11e8-a8b0-124c25889740|en|AU|80058852"", ""AVATAR|81c4b650-65c7-11e8-8610-0e2461de42ac|en|AU|80063599"", ""AVATAR|449b47f0-65c5-11e8-a8b0-124c25889740|en|AU|80058852"", ""icon26""]"
Riley ,"[""AVATAR|14377250-36c7-11e8-b308-0e1f42e0af2a|en|US|80148069"", ""AVATAR|483a18e0-25fe-11eb-9a08-0af43e36ed0b|en|AU|80988988"", ""AVATAR|2b19b610-6621-11e9-a5e8-0a01408ed2ba|en|AU|80178943"", ""AVATAR|915c0580-b858-11e8-b37c-12066c8e0058|en|AU|80117545"", ""icon21""]"
Talia,"[""AVATAR|587ebfa0-25fc-11eb-9857-0e0bd87c0a79|en|AU|80988988"", ""AVATAR|3af30300-8751-11ef-8d7f-0afffa5dd933|en|AU|80236318"", ""AVATAR|9354c820-25fe-11eb-9a08-0af43e36ed0b|en|AU|80988988"", ""AVATAR|2b198f00-6621-11e9-a5e8-0a01408ed2ba|en|AU|80178943"", ""AVATAR|ab5c32b1-6070-11e8-97da-12594e8d4930|en|AU|80050008"", ""AVATAR|934a6131-65c8-11e8-aa93-1272ed53ae32|en|AU|80115432"", ""AVATAR|449b47f0-65c5-11e8-a8b0-124c25889740|en|AU|80058852"", ""AVATAR|81bca000-65c7-11e8-8610-0e2461de42ac|en|AU|80063599"", ""AVATAR|81c4b652-65c7-11e8-8610-0e2461de42ac|en|AU|80063599"", ""icon19""]"
