"Profile Name","Email Address","Game Handle","Profile Creation Time","Maturity Level","Primary Lang","Has Auto Playback","Max Stream Quality","Profile Lock Enabled","Profile Transferred","Profile Transfer Time","Profile Transferred From Account","Profile Transferred To Account","Privacy And Data Settings","Date Of Birth","Gender"
"Talia","","Talia2468","2017-12-19 04:02:37","ADULTS","en-AU","1","Unknown","false","false","","","","{}","",""
"Riley ","","Rdinny","2017-12-19 04:02:37","ADULTS","en-AU","1","Unknown","false","false","","","","{}","",""
"Mum","","","2017-12-19 04:02:36","ADULTS","en-AU","","Unknown","false","false","","","","{}","",""
"Josh","","Dinnyy","2017-12-19 04:02:36","ADULTS","en-AU","1","Unknown","false","false","","","","{}","",""
"Dad","dinny1972@gmail.com","","2017-11-29 00:15:34","ADULTS","en-AU","1","Unknown","false","false","","","","{}","",""
